User.ID,Age,Gender,Country,Device.Type,Daily.Screen.Time,Social.Media.Hours,Work.Screen.Hours,Gaming.Hours,Sleep.Hours,Sleep.Quality,Stress.Level,Physical.Activity.Min,Productivity.Score,Mental.Health.Status
1,54,Female,Germany,Tablet,5.0,1.9,6.0,0.9,6.5,9,8,106,2,Healthy
2,44,Other,Australia,Laptop,4.6,1.8,0.0,0.1,6.4,5,7,86,7,Healthy
3,30,Female,USA,Phone,3.5,4.1,5.3,1.5,6.1,5,2,66,4,Healthy
4,58,Female,Canada,Laptop,10.0,0.4,2.5,0.1,5.9,10,7,61,8,Healthy
5,23,Female,UK,Laptop,7.1,3.7,2.7,0.7,9.7,4,6,2,8,Chronic Issues
6,36,Male,India,Desktop,6.8,2.6,4.9,0.2,7.5,2,5,17,7,Moderate Issues
7,54,Other,UK,Laptop,9.2,3.2,3.3,1.4,5.2,5,4,24,10,Chronic Issues
8,34,Female,India,Phone,6.5,3.2,5.2,2.4,9.7,2,1,106,9,Moderate Issues
9,38,Female,UK,Laptop,4.5,1.6,3.9,0.8,6.0,7,2,19,4,Healthy
10,26,Female,India,Laptop,2.6,4.1,4.3,0.7,6.9,9,7,57,7,Moderate Issues
11,26,Female,Australia,Laptop,4.4,1.7,3.0,1.4,7.6,9,10,92,10,Healthy
12,39,Female,Germany,Laptop,9.0,3.1,1.9,0.0,4.7,6,3,85,10,Healthy
13,51,Male,India,Tablet,3.5,4.4,2.5,2.5,5.5,1,5,49,1,Healthy
14,55,Female,India,Laptop,6.7,4.6,3.8,0.2,8.5,6,8,78,4,Moderate Issues
15,39,Male,USA,Laptop,8.1,2.1,7.7,4.1,6.2,5,8,102,2,Moderate Issues
16,18,Other,India,Phone,6.6,3.2,6.9,1.3,7.7,4,6,9,9,Healthy
17,37,Female,USA,Phone,6.8,2.0,2.7,1.5,6.0,6,5,20,5,Healthy
18,17,Male,Canada,Phone,7.3,6.3,4.1,1.1,6.4,6,2,118,3,Healthy
19,39,Female,Australia,Phone,6.8,3.7,3.4,0.6,8.6,6,9,115,4,Healthy
20,59,Female,USA,Laptop,9.2,2.6,4.3,0.8,7.0,2,1,28,6,Healthy
21,45,Female,Germany,Laptop,3.9,3.0,4.5,0.0,6.1,7,2,95,10,Moderate Issues
22,53,Female,Australia,Laptop,6.5,3.1,5.1,1.0,5.7,4,1,9,1,Moderate Issues
23,17,Male,USA,Tablet,2.4,3.2,0.0,1.0,5.8,9,4,12,7,Healthy
24,36,Female,Australia,Desktop,1.9,2.1,4.7,2.2,8.0,10,4,46,8,Moderate Issues
25,48,Female,Australia,Tablet,5.8,1.9,3.2,0.7,7.4,2,5,22,7,Healthy
26,27,Male,Australia,Laptop,7.1,2.3,2.6,0.1,5.1,5,5,49,7,Chronic Issues
27,37,Female,Canada,Laptop,9.3,0.8,5.6,0.4,6.6,4,8,86,9,Healthy
28,59,Male,Germany,Laptop,10.8,3.6,6.9,1.1,6.4,9,3,94,4,Moderate Issues
29,40,Male,UK,Phone,8.6,1.3,5.4,0.3,6.9,4,6,3,7,Chronic Issues
30,64,Female,UK,Phone,7.5,0.9,3.0,0.3,5.8,8,3,115,9,Moderate Issues
31,42,Female,USA,Desktop,6.3,2.5,1.8,1.7,7.8,8,2,112,5,Healthy
32,57,Male,Australia,Tablet,2.9,2.3,0.0,0.9,6.5,6,8,66,2,Moderate Issues
33,43,Female,USA,Phone,5.7,2.9,4.4,0.7,6.9,6,1,84,5,Healthy
34,31,Male,Canada,Laptop,8.6,1.6,5.2,0.4,5.6,8,9,52,4,Healthy
35,30,Male,Canada,Tablet,7.8,1.9,3.8,1.3,5.6,10,7,1,8,Healthy
36,62,Male,India,Phone,3.4,3.5,5.9,0.3,9.7,9,10,67,5,Chronic Issues
37,59,Male,Canada,Phone,7.2,3.4,1.4,1.3,8.7,5,4,64,9,Chronic Issues
38,18,Male,India,Tablet,7.1,3.4,3.7,0.1,6.4,1,3,78,9,Healthy
39,52,Female,Germany,Laptop,6.7,2.6,3.5,2.0,8.3,1,6,56,3,Healthy
40,22,Female,USA,Phone,5.9,2.8,3.8,0.7,8.0,2,9,96,10,Chronic Issues
41,36,Male,Germany,Laptop,7.3,2.8,6.3,0.6,5.7,10,9,69,6,Healthy
42,24,Female,Canada,Tablet,7.4,1.5,3.8,0.9,5.6,10,4,6,6,Healthy
43,54,Female,Germany,Laptop,4.7,4.7,3.4,1.0,7.3,5,10,18,4,Healthy
44,33,Male,Germany,Phone,6.9,4.5,2.1,0.1,6.8,4,5,43,10,Moderate Issues
45,19,Female,Germany,Phone,5.6,3.7,6.7,1.4,6.0,1,9,62,3,Healthy
46,40,Other,Canada,Laptop,3.0,1.9,1.1,0.3,7.4,4,2,64,1,Moderate Issues
47,29,Male,Australia,Laptop,4.9,3.3,2.9,2.4,4.8,4,2,38,7,Healthy
48,24,Male,Germany,Tablet,2.9,4.0,7.4,1.7,6.6,10,5,82,5,Healthy
49,41,Female,India,Phone,8.0,0.7,4.9,0.4,5.0,4,1,108,10,Healthy
50,17,Female,Canada,Tablet,6.7,5.0,4.0,1.6,5.1,1,8,25,7,Healthy
51,35,Male,Germany,Phone,5.3,0.0,4.0,0.4,5.7,9,5,43,1,Healthy
52,43,Female,Australia,Phone,8.8,3.6,2.1,0.1,6.9,3,10,11,8,Healthy
53,62,Female,Canada,Phone,6.1,4.7,3.9,3.3,5.7,4,2,21,3,Moderate Issues
54,22,Female,UK,Phone,3.1,2.3,3.3,1.1,5.0,5,9,76,7,Healthy
55,59,Female,Australia,Laptop,5.1,2.3,4.4,0.6,7.1,7,2,91,3,Moderate Issues
56,23,Female,India,Laptop,9.3,3.5,1.0,0.5,8.3,6,7,13,3,Chronic Issues
57,62,Male,Germany,Phone,4.7,5.3,4.8,0.4,7.3,5,8,85,10,Moderate Issues
58,50,Male,UK,Laptop,6.6,2.1,6.0,4.0,8.7,8,6,29,9,Chronic Issues
59,29,Female,UK,Phone,7.5,1.3,3.6,0.1,8.2,1,7,43,2,Healthy
60,32,Female,Canada,Tablet,7.2,1.9,5.3,0.4,5.9,7,1,83,4,Healthy
61,51,Male,UK,Desktop,10.9,0.2,4.6,0.7,7.3,6,4,107,6,Chronic Issues
62,55,Female,India,Phone,3.6,3.8,2.8,0.7,6.4,5,7,90,3,Moderate Issues
63,19,Female,India,Laptop,3.8,1.7,1.9,0.6,7.8,7,1,37,10,Moderate Issues
64,17,Male,USA,Phone,3.7,2.2,2.2,0.2,6.4,3,1,58,10,Moderate Issues
65,21,Female,India,Phone,5.4,3.9,4.6,0.2,5.6,1,6,41,7,Moderate Issues
66,57,Female,Australia,Phone,8.2,1.9,3.9,0.3,8.1,9,4,51,7,Healthy
67,19,Female,UK,Tablet,3.9,3.6,6.6,2.5,6.9,2,3,62,5,Moderate Issues
68,44,Female,India,Laptop,8.2,0.9,5.6,0.1,5.7,10,5,60,3,Healthy
69,33,Male,Canada,Phone,6.1,3.9,5.6,1.4,5.9,3,9,119,2,Healthy
70,41,Female,USA,Tablet,3.8,3.0,4.5,1.4,5.7,8,10,104,4,Healthy
71,59,Male,UK,Laptop,2.5,2.4,2.1,1.7,5.3,10,10,33,4,Healthy
72,49,Male,USA,Tablet,2.9,2.7,4.7,2.2,5.9,9,10,38,8,Healthy
73,25,Female,UK,Laptop,4.7,0.6,4.1,0.3,6.9,3,3,40,8,Moderate Issues
74,51,Male,Canada,Laptop,5.7,2.7,1.7,0.3,6.6,6,5,107,5,Moderate Issues
75,29,Male,USA,Phone,8.7,2.3,6.4,0.6,6.0,7,10,36,6,Moderate Issues
76,46,Female,Germany,Phone,7.6,0.6,6.2,0.3,8.3,1,5,64,8,Healthy
77,63,Male,Australia,Desktop,4.3,1.5,1.7,1.3,4.1,7,9,117,1,Chronic Issues
78,30,Male,Australia,Phone,6.8,2.3,2.7,1.0,6.9,4,10,78,5,Healthy
79,23,Female,UK,Desktop,9.3,1.6,2.9,2.1,6.3,5,4,31,4,Moderate Issues
80,29,Female,Germany,Laptop,9.7,0.0,5.2,0.1,5.3,8,1,7,4,Healthy
81,38,Male,USA,Phone,5.4,4.1,5.0,2.5,6.9,4,10,96,2,Healthy
82,55,Female,Germany,Phone,7.9,2.3,4.1,0.3,6.2,4,5,17,10,Healthy
83,36,Female,Germany,Phone,8.8,0.0,4.5,0.7,8.0,8,1,44,1,Moderate Issues
84,31,Female,USA,Desktop,3.0,5.7,1.4,0.6,7.5,5,6,92,6,Healthy
85,60,Female,Canada,Laptop,5.0,4.4,4.8,1.4,8.8,6,10,95,7,Healthy
86,33,Other,Germany,Phone,10.4,2.0,3.8,0.5,5.9,5,10,32,5,Healthy
87,62,Female,Germany,Phone,5.4,1.2,2.6,2.9,8.2,1,7,4,8,Healthy
88,39,Female,Canada,Phone,1.0,3.1,0.9,2.3,5.1,7,1,81,9,Moderate Issues
89,41,Female,Germany,Laptop,5.8,2.8,4.1,2.1,6.4,6,10,111,2,Healthy
90,40,Male,Germany,Phone,8.2,3.3,4.7,0.1,5.9,2,4,73,4,Healthy
91,60,Male,Germany,Tablet,6.0,1.2,0.6,1.9,7.2,7,9,35,9,Healthy
92,56,Female,Australia,Phone,7.4,4.1,4.0,1.5,7.2,6,1,96,5,Healthy
93,44,Female,India,Phone,7.9,1.8,4.2,0.1,5.4,5,9,22,3,Healthy
94,30,Female,Canada,Laptop,5.3,3.5,2.9,0.1,7.3,8,8,39,6,Moderate Issues
95,60,Male,Germany,Laptop,5.0,1.3,4.8,0.1,6.0,5,5,4,3,Healthy
96,16,Female,Australia,Desktop,6.3,6.5,3.7,0.0,5.5,2,6,33,5,Healthy
97,40,Male,Canada,Laptop,6.4,3.5,4.6,0.8,6.5,6,7,23,3,Healthy
98,22,Male,UK,Phone,6.1,6.8,5.1,3.6,4.7,1,4,16,6,Healthy
99,24,Female,UK,Laptop,6.2,3.7,5.1,0.6,7.6,5,6,94,10,Healthy
100,39,Female,Germany,Phone,4.5,1.7,6.0,0.8,6.4,6,7,70,5,Healthy
101,16,Female,Australia,Phone,7.5,3.7,4.7,3.4,6.5,7,6,80,9,Healthy
102,59,Female,Australia,Desktop,7.2,3.9,3.0,0.3,6.4,2,6,91,3,Healthy
103,23,Male,Canada,Tablet,3.3,3.1,2.7,2.0,8.5,1,2,101,6,Moderate Issues
104,39,Female,Canada,Desktop,5.2,3.4,1.9,0.8,8.3,6,5,21,8,Moderate Issues
105,26,Male,Australia,Laptop,6.2,3.6,4.3,0.8,8.1,3,3,14,7,Moderate Issues
106,32,Female,Canada,Laptop,4.9,1.0,6.6,0.4,6.4,5,7,100,6,Healthy
107,23,Female,Australia,Phone,7.3,0.9,3.3,0.8,5.2,2,4,14,2,Moderate Issues
108,50,Female,India,Phone,5.9,1.3,4.9,0.1,6.5,1,1,113,7,Chronic Issues
109,50,Female,Australia,Tablet,6.3,2.7,2.5,1.4,6.9,1,6,113,8,Moderate Issues
110,48,Female,UK,Phone,5.2,2.2,4.4,0.3,7.5,4,6,24,1,Healthy
111,20,Female,Canada,Tablet,2.0,1.0,6.5,2.2,6.9,10,7,52,9,Healthy
112,57,Male,Australia,Laptop,1.9,3.7,5.4,0.5,5.3,2,8,20,4,Healthy
113,54,Male,Australia,Phone,7.2,2.9,0.9,0.2,5.9,1,3,118,8,Healthy
114,56,Male,Canada,Laptop,6.5,2.8,5.1,1.2,5.7,6,6,101,10,Healthy
115,43,Male,India,Laptop,6.9,2.1,5.2,0.2,7.1,4,10,65,7,Moderate Issues
116,22,Female,India,Phone,6.3,1.9,4.3,1.4,7.2,10,2,90,10,Moderate Issues
117,24,Female,Canada,Tablet,6.4,1.2,5.3,3.4,7.3,7,9,112,7,Healthy
118,23,Male,USA,Laptop,7.9,3.9,2.3,1.5,6.9,6,2,31,2,Healthy
119,27,Male,Canada,Phone,6.9,1.4,4.1,0.0,4.0,5,3,20,1,Healthy
120,49,Male,Canada,Laptop,8.1,2.8,6.2,0.9,4.4,10,10,67,4,Healthy
121,48,Female,India,Desktop,6.3,5.0,6.0,1.2,6.3,2,2,43,2,Healthy
122,63,Female,India,Phone,5.4,2.0,5.1,1.7,6.6,5,9,82,8,Healthy
123,38,Male,Canada,Tablet,6.4,3.9,2.2,0.1,8.0,9,1,65,10,Healthy
124,39,Female,Canada,Phone,4.3,3.4,1.9,0.7,6.6,9,5,89,7,Chronic Issues
125,52,Female,Canada,Tablet,5.2,3.0,4.2,0.8,5.3,2,1,97,8,Healthy
126,50,Male,India,Laptop,6.4,3.1,4.4,0.2,7.3,7,5,13,6,Healthy
127,59,Female,Canada,Phone,6.3,2.4,3.8,0.4,6.5,10,8,14,1,Healthy
128,55,Female,Canada,Phone,5.8,2.6,2.4,0.6,6.0,4,8,19,9,Healthy
129,37,Male,Germany,Tablet,3.2,1.7,4.9,1.8,4.6,3,8,33,6,Healthy
130,42,Male,USA,Laptop,7.3,2.6,4.2,2.7,6.6,1,2,35,10,Moderate Issues
131,50,Male,UK,Laptop,7.7,1.6,4.6,1.0,6.8,3,8,82,1,Healthy
132,16,Male,USA,Phone,9.3,4.0,5.2,0.5,5.3,9,5,8,1,Healthy
133,50,Female,Germany,Tablet,6.9,0.0,3.5,0.3,7.4,9,1,70,8,Moderate Issues
134,52,Female,UK,Laptop,6.0,3.2,3.0,4.0,7.3,7,7,29,6,Healthy
135,62,Male,Canada,Desktop,4.0,3.0,6.2,4.1,6.6,3,6,76,8,Healthy
136,29,Male,Germany,Phone,9.0,2.9,2.5,2.6,6.5,3,5,90,8,Healthy
137,18,Male,Canada,Laptop,6.5,4.0,3.1,1.5,7.6,4,1,62,8,Moderate Issues
138,16,Male,India,Laptop,6.4,2.1,6.5,0.4,6.9,7,1,107,10,Healthy
139,20,Female,Australia,Phone,5.5,2.9,2.9,1.7,5.7,7,6,34,7,Healthy
140,41,Male,Germany,Laptop,5.4,0.0,3.8,0.5,6.3,2,10,12,7,Moderate Issues
141,29,Male,India,Phone,7.4,1.9,3.2,0.4,7.2,5,7,78,10,Healthy
142,54,Male,Germany,Laptop,4.0,3.8,0.4,1.4,4.1,7,10,45,4,Healthy
143,42,Female,Germany,Laptop,9.3,0.5,3.8,0.1,5.4,7,10,55,9,Healthy
144,24,Male,India,Phone,8.8,2.7,2.0,0.0,7.3,6,1,8,2,Moderate Issues
145,30,Female,UK,Laptop,5.3,1.5,4.5,0.6,8.0,10,9,108,9,Moderate Issues
146,30,Male,USA,Laptop,4.3,2.3,6.2,0.6,7.7,10,4,86,10,Chronic Issues
147,41,Female,Canada,Phone,2.0,1.6,0.0,2.3,7.6,8,5,117,3,Chronic Issues
148,57,Female,Germany,Desktop,3.5,0.6,3.2,0.1,6.7,3,2,35,2,Moderate Issues
149,28,Male,Canada,Desktop,7.5,3.1,4.9,0.1,5.3,1,10,116,4,Moderate Issues
150,47,Male,Australia,Laptop,6.6,2.4,0.0,0.2,6.3,3,8,103,5,Moderate Issues
151,54,Female,India,Phone,7.0,3.4,6.7,0.0,4.1,2,2,2,2,Healthy
152,64,Female,Canada,Tablet,2.3,3.7,4.8,0.1,8.1,2,3,97,1,Healthy
153,47,Male,India,Laptop,5.2,4.3,6.2,1.1,5.5,2,9,18,10,Healthy
154,19,Female,Canada,Phone,8.7,2.7,2.9,0.6,5.9,5,2,27,5,Healthy
155,45,Female,USA,Laptop,5.8,4.4,3.1,1.4,7.8,1,6,22,9,Moderate Issues
156,52,Female,USA,Laptop,3.5,1.0,3.7,4.9,4.6,10,4,103,5,Healthy
157,38,Male,USA,Laptop,5.8,3.9,8.3,1.1,5.1,4,7,112,10,Healthy
158,54,Female,USA,Laptop,4.5,3.2,6.6,0.1,6.8,10,6,108,9,Healthy
159,60,Male,USA,Laptop,6.7,2.8,4.3,0.1,7.1,5,10,6,10,Moderate Issues
160,30,Female,USA,Desktop,6.0,3.2,4.5,2.1,6.4,2,9,104,6,Moderate Issues
161,58,Male,India,Phone,7.1,1.1,5.3,0.7,6.5,5,9,75,3,Healthy
162,44,Male,Germany,Laptop,3.6,0.7,8.8,1.7,8.0,10,10,13,4,Healthy
163,51,Male,Canada,Tablet,5.1,5.1,4.8,1.9,7.3,4,4,45,4,Healthy
164,28,Female,USA,Laptop,8.2,2.2,4.1,2.6,7.1,8,1,14,1,Healthy
165,47,Male,India,Laptop,3.3,2.2,3.3,3.0,7.4,1,2,66,3,Healthy
166,22,Male,India,Laptop,4.0,0.8,4.5,0.8,6.1,5,8,14,3,Moderate Issues
167,37,Male,India,Laptop,6.4,0.3,2.8,0.4,9.1,10,10,50,1,Healthy
168,43,Female,Germany,Tablet,6.6,2.4,5.0,3.3,3.7,1,8,87,9,Healthy
169,17,Other,Canada,Laptop,5.0,2.0,1.1,0.8,8.2,10,2,115,1,Healthy
170,57,Male,Germany,Desktop,5.4,2.5,3.5,0.1,7.6,10,4,109,9,Healthy
171,60,Female,UK,Phone,7.1,2.6,5.5,1.0,6.8,4,1,7,1,Healthy
172,21,Female,India,Phone,7.7,6.2,4.7,0.9,6.6,8,7,68,2,Healthy
173,43,Female,UK,Laptop,3.9,2.0,3.1,2.3,6.3,1,4,61,2,Healthy
174,43,Male,Australia,Phone,6.7,4.9,3.5,1.1,7.8,2,8,50,6,Moderate Issues
175,59,Male,USA,Phone,9.0,5.0,6.1,0.4,6.5,1,9,62,7,Healthy
176,59,Male,USA,Phone,5.8,3.6,1.6,3.4,5.6,7,9,67,1,Healthy
177,35,Male,Germany,Phone,3.8,2.1,1.6,1.6,7.6,2,3,77,3,Healthy
178,45,Male,Canada,Phone,3.7,0.5,2.1,1.0,8.4,1,5,15,2,Moderate Issues
179,26,Female,UK,Desktop,5.7,3.2,4.0,0.3,4.2,6,6,83,8,Healthy
180,43,Male,Canada,Phone,8.1,4.0,1.3,0.5,9.3,6,6,23,9,Moderate Issues
181,40,Male,Germany,Laptop,5.9,5.1,5.9,1.1,5.3,10,10,5,2,Chronic Issues
182,54,Female,USA,Tablet,6.4,1.1,2.2,0.1,5.3,2,8,118,2,Healthy
183,48,Male,Canada,Desktop,4.0,2.1,4.4,0.3,5.0,1,6,56,10,Moderate Issues
184,16,Female,Canada,Phone,8.0,1.1,2.8,1.3,6.5,10,6,30,9,Moderate Issues
185,42,Female,USA,Tablet,3.7,1.5,3.9,0.7,5.0,3,4,5,4,Healthy
186,28,Male,UK,Laptop,5.0,3.5,0.8,0.5,5.1,10,7,98,5,Moderate Issues
187,56,Female,USA,Laptop,7.3,1.5,6.0,0.2,5.7,5,8,78,9,Healthy
188,18,Female,Canada,Laptop,1.9,1.3,2.1,0.6,6.7,6,3,28,6,Healthy
189,54,Female,UK,Tablet,6.3,3.7,1.9,1.5,6.8,3,7,66,10,Moderate Issues
190,21,Female,UK,Phone,3.9,3.2,8.8,0.3,8.0,9,3,74,9,Moderate Issues
191,23,Female,USA,Laptop,6.0,3.0,5.1,0.0,8.0,5,8,2,9,Chronic Issues
192,42,Female,Canada,Laptop,5.3,1.5,5.9,1.1,7.7,2,1,27,7,Healthy
193,24,Male,Germany,Tablet,10.2,4.4,4.9,3.6,6.2,10,1,73,10,Healthy
194,52,Male,Canada,Desktop,5.2,2.5,3.1,0.9,4.3,6,6,113,9,Healthy
195,48,Male,India,Phone,9.7,6.1,1.4,0.1,4.3,8,10,96,5,Healthy
196,57,Female,Australia,Desktop,7.2,2.7,3.4,0.4,7.7,6,9,47,5,Healthy
197,59,Male,Germany,Phone,4.4,0.0,2.0,2.0,7.5,4,4,79,8,Healthy
198,39,Female,UK,Phone,6.7,0.0,2.2,0.3,5.8,6,6,9,10,Healthy
199,30,Female,Germany,Phone,5.4,3.4,0.8,0.9,4.8,8,5,32,4,Healthy
200,47,Female,UK,Phone,6.5,4.5,4.2,0.5,5.2,8,1,99,9,Healthy
201,47,Other,UK,Laptop,4.6,1.3,7.1,0.2,6.7,10,6,66,7,Chronic Issues
202,39,Female,Germany,Phone,9.4,5.7,5.1,1.7,6.7,2,9,68,7,Moderate Issues
203,56,Female,UK,Phone,7.9,5.0,3.8,1.4,7.8,8,3,11,3,Healthy
204,64,Male,UK,Desktop,6.1,2.8,3.9,1.1,6.0,6,3,56,4,Moderate Issues
205,64,Female,India,Tablet,9.5,3.3,0.0,0.3,6.2,2,2,43,7,Moderate Issues
206,27,Male,Canada,Tablet,6.1,3.8,3.2,0.1,7.9,1,4,12,5,Moderate Issues
207,54,Male,Canada,Tablet,8.2,5.3,1.1,0.9,3.9,6,10,23,3,Healthy
208,17,Female,Australia,Laptop,6.1,3.5,4.3,0.8,6.9,7,3,43,1,Healthy
209,18,Female,Australia,Phone,6.8,2.8,3.5,0.2,6.1,10,2,56,7,Moderate Issues
210,64,Male,India,Phone,5.8,3.5,2.3,0.1,7.4,5,1,95,6,Healthy
211,52,Female,Australia,Laptop,6.2,3.3,4.2,0.1,7.1,10,3,15,10,Chronic Issues
212,64,Female,Germany,Phone,6.3,3.9,4.2,4.9,5.7,8,10,95,7,Moderate Issues
213,32,Female,USA,Laptop,4.7,0.1,7.0,1.5,5.9,9,6,108,2,Chronic Issues
214,64,Female,USA,Phone,5.2,3.0,5.4,2.6,3.7,4,9,100,4,Healthy
215,17,Female,USA,Phone,5.6,3.2,4.4,0.2,7.4,7,5,119,2,Healthy
216,17,Other,India,Laptop,6.5,2.4,2.1,3.2,6.8,8,3,99,8,Healthy
217,43,Female,India,Laptop,5.9,3.7,1.9,0.2,8.2,6,5,20,7,Chronic Issues
218,38,Female,UK,Laptop,8.3,5.4,5.2,0.7,6.0,2,5,110,1,Healthy
219,52,Other,USA,Laptop,7.7,2.7,3.6,1.8,7.6,7,5,75,2,Healthy
220,47,Female,Germany,Phone,5.6,3.5,4.5,0.4,5.2,9,7,50,2,Healthy
221,48,Male,Australia,Phone,8.8,4.9,6.0,0.6,3.3,5,5,20,4,Healthy
222,16,Male,Germany,Tablet,9.7,2.7,1.0,0.1,6.4,2,7,59,3,Healthy
223,34,Male,Australia,Laptop,1.9,1.2,6.8,0.1,5.8,4,9,50,1,Healthy
224,17,Male,USA,Phone,7.9,3.4,5.9,1.0,5.2,3,5,20,2,Moderate Issues
225,59,Female,USA,Tablet,4.6,0.0,0.0,1.1,7.6,4,2,106,9,Healthy
226,41,Female,USA,Phone,7.6,0.0,8.7,1.5,7.9,10,5,116,1,Moderate Issues
227,47,Female,India,Laptop,8.5,3.0,4.6,0.8,6.6,7,8,5,9,Moderate Issues
228,21,Male,Australia,Phone,4.2,0.0,3.0,1.0,6.3,10,4,72,7,Moderate Issues
229,47,Female,India,Laptop,2.3,0.5,5.0,0.0,6.6,8,2,64,2,Moderate Issues
230,19,Female,India,Laptop,7.7,1.9,2.0,0.2,5.7,1,10,75,2,Healthy
231,26,Female,Canada,Phone,6.3,1.4,5.1,4.2,7.2,8,3,57,5,Healthy
232,32,Female,Germany,Tablet,2.7,2.3,2.4,0.1,4.7,5,9,77,5,Moderate Issues
233,53,Female,Germany,Laptop,11.1,4.2,8.0,1.1,5.2,7,9,5,4,Healthy
234,39,Male,UK,Phone,7.2,2.9,4.1,0.2,5.6,1,8,64,10,Healthy
235,20,Female,India,Phone,7.3,1.2,5.3,1.3,7.1,2,8,85,10,Healthy
236,49,Male,Australia,Phone,8.7,4.5,2.4,1.2,6.1,1,8,33,3,Moderate Issues
237,21,Male,Canada,Phone,4.8,0.4,5.6,0.3,8.1,5,8,55,4,Healthy
238,37,Female,Canada,Laptop,6.3,2.8,4.0,0.3,7.5,6,8,74,10,Healthy
239,26,Male,Germany,Tablet,3.4,0.2,1.2,1.1,5.5,10,1,2,4,Healthy
240,63,Female,India,Laptop,4.8,2.9,3.5,0.5,7.3,9,6,41,2,Chronic Issues
241,31,Male,UK,Phone,6.8,2.0,7.9,0.2,6.0,8,9,61,5,Healthy
242,48,Female,India,Phone,2.7,4.1,5.7,1.3,7.1,7,8,5,5,Moderate Issues
243,24,Male,USA,Phone,4.7,3.6,3.2,0.2,7.5,5,3,5,5,Healthy
244,21,Other,India,Laptop,4.1,1.6,0.3,1.9,7.8,3,1,62,10,Moderate Issues
245,31,Female,USA,Tablet,6.3,1.3,2.3,0.7,6.7,9,2,19,1,Healthy
246,44,Male,USA,Phone,7.1,2.0,1.2,0.1,8.4,5,2,20,6,Moderate Issues
247,18,Female,UK,Laptop,7.5,5.3,0.3,1.2,7.0,3,7,1,2,Healthy
248,35,Other,Australia,Tablet,8.0,4.9,5.6,0.7,6.7,3,6,89,7,Healthy
249,51,Male,Germany,Laptop,8.7,1.0,4.1,0.4,6.1,3,2,94,4,Moderate Issues
250,34,Male,India,Tablet,7.2,3.7,7.6,0.5,5.7,6,8,89,5,Moderate Issues
251,41,Female,USA,Laptop,9.8,0.0,2.0,0.4,7.0,1,9,55,5,Moderate Issues
252,18,Female,India,Laptop,6.2,1.8,4.0,0.3,6.6,4,7,95,5,Moderate Issues
253,34,Female,Australia,Laptop,5.7,1.1,1.2,0.2,6.8,8,4,9,2,Healthy
254,35,Female,Germany,Laptop,7.2,4.1,2.8,0.5,7.1,3,1,86,5,Chronic Issues
255,47,Male,Australia,Phone,5.6,0.6,3.6,0.3,6.8,5,4,69,3,Healthy
256,22,Male,Germany,Phone,9.7,3.1,3.3,1.2,8.9,2,4,22,4,Moderate Issues
257,56,Female,Canada,Phone,8.3,2.5,4.1,1.2,5.9,2,8,91,2,Healthy
258,48,Male,Germany,Laptop,7.5,2.2,5.9,0.7,7.0,7,4,112,4,Healthy
259,55,Male,UK,Phone,6.3,5.0,5.7,1.5,6.2,10,4,29,9,Healthy
260,54,Female,Australia,Desktop,5.2,5.1,2.5,1.8,3.5,3,2,77,8,Healthy
261,33,Female,USA,Laptop,7.4,2.3,3.9,0.9,6.3,5,10,36,3,Healthy
262,55,Female,Canada,Laptop,3.7,2.0,5.6,1.0,5.4,3,7,54,1,Healthy
263,16,Female,UK,Phone,9.1,0.2,6.1,0.3,6.4,6,4,95,1,Healthy
264,26,Female,India,Tablet,5.6,2.5,2.7,2.3,6.5,10,6,48,6,Healthy
265,43,Female,Australia,Tablet,6.6,5.4,5.4,0.0,7.0,3,3,33,3,Healthy
266,40,Female,USA,Laptop,4.2,2.3,4.7,0.4,5.9,8,7,104,4,Healthy
267,38,Male,Germany,Phone,7.4,3.6,1.9,1.3,6.0,2,6,43,1,Healthy
268,46,Male,USA,Laptop,5.1,0.4,5.6,0.1,7.3,3,3,114,8,Healthy
269,45,Female,India,Phone,7.3,1.8,4.3,0.2,5.5,8,4,21,1,Moderate Issues
270,57,Female,Canada,Phone,7.5,3.2,0.5,0.9,4.3,8,10,30,5,Chronic Issues
271,50,Male,Canada,Tablet,4.7,2.7,3.4,0.8,6.7,1,5,6,6,Healthy
272,22,Male,Australia,Laptop,3.8,3.7,4.1,1.3,7.8,8,9,104,2,Moderate Issues
273,31,Male,Canada,Laptop,9.1,1.6,2.8,1.7,7.3,10,6,20,7,Moderate Issues
274,41,Male,Australia,Tablet,5.6,0.0,6.5,0.1,6.7,2,4,15,7,Healthy
275,63,Female,Australia,Laptop,6.4,4.2,6.5,0.0,8.0,7,7,19,1,Moderate Issues
276,64,Male,Australia,Laptop,7.0,1.1,3.2,1.2,7.8,6,2,42,4,Healthy
277,17,Female,Germany,Phone,3.5,3.3,3.0,0.4,6.1,2,4,43,4,Healthy
278,16,Female,UK,Desktop,6.9,3.2,3.7,1.0,6.8,5,5,46,5,Healthy
279,63,Female,Australia,Phone,6.2,0.0,3.6,0.2,6.8,7,4,113,1,Healthy
280,27,Female,Australia,Desktop,4.7,4.1,2.8,0.6,6.4,8,4,18,1,Moderate Issues
281,20,Male,UK,Tablet,3.7,1.7,0.0,0.7,7.9,3,9,47,7,Healthy
282,52,Female,USA,Phone,7.2,2.6,7.5,0.9,6.3,1,2,95,9,Healthy
283,47,Male,Australia,Laptop,8.3,2.0,4.0,0.7,5.9,7,6,78,1,Healthy
284,24,Male,Germany,Tablet,6.4,4.9,3.6,0.7,3.4,5,8,68,2,Moderate Issues
285,56,Female,Canada,Laptop,3.1,4.5,4.7,0.4,5.5,5,8,10,6,Moderate Issues
286,50,Male,Canada,Desktop,3.9,0.0,3.8,0.1,4.9,7,7,78,6,Moderate Issues
287,34,Male,India,Desktop,5.1,5.9,3.1,0.1,6.5,1,10,28,2,Healthy
288,63,Female,India,Laptop,9.1,1.5,2.0,0.6,5.0,8,4,113,9,Healthy
289,31,Male,Canada,Phone,5.5,5.7,0.3,0.4,7.2,10,7,44,4,Healthy
290,18,Female,Canada,Desktop,5.1,2.1,1.3,0.7,7.8,5,10,67,7,Healthy
291,35,Male,Germany,Laptop,2.7,2.0,1.8,0.4,6.5,8,6,112,6,Healthy
292,39,Female,UK,Phone,4.7,2.1,5.3,1.2,5.3,10,6,35,3,Healthy
293,48,Female,India,Phone,3.5,1.9,5.4,2.0,6.8,10,2,47,8,Healthy
294,39,Female,UK,Laptop,4.0,6.3,2.2,0.4,8.8,5,8,86,7,Chronic Issues
295,26,Female,Germany,Desktop,6.2,2.4,0.0,0.2,8.4,7,8,14,9,Moderate Issues
296,64,Male,Canada,Tablet,5.2,2.0,4.0,0.1,4.8,10,7,109,3,Healthy
297,23,Female,Australia,Laptop,9.4,2.6,3.2,1.0,4.8,3,9,43,1,Healthy
298,51,Male,UK,Phone,8.2,1.0,3.1,0.6,4.5,2,8,66,2,Healthy
299,53,Female,Canada,Phone,4.8,4.9,5.9,0.2,5.1,6,9,95,1,Moderate Issues
300,55,Male,Canada,Tablet,4.2,0.3,4.3,1.1,6.8,5,9,73,5,Moderate Issues
301,35,Female,USA,Phone,8.8,1.6,2.0,0.2,5.8,9,6,39,10,Chronic Issues
302,50,Male,UK,Phone,9.3,3.9,1.6,0.8,5.5,10,2,101,2,Healthy
303,63,Female,Australia,Phone,1.6,2.6,3.5,0.7,7.7,4,7,85,3,Moderate Issues
304,40,Female,UK,Laptop,6.2,3.3,2.2,1.3,7.1,3,3,13,8,Healthy
305,50,Female,Canada,Desktop,5.5,4.8,3.9,0.1,4.5,9,7,62,10,Moderate Issues
306,40,Male,Australia,Phone,7.3,4.0,6.1,2.2,7.7,8,9,80,5,Moderate Issues
307,44,Female,Germany,Laptop,9.9,2.7,1.2,1.2,7.1,6,10,84,4,Moderate Issues
308,33,Male,USA,Laptop,5.0,5.6,4.2,0.2,7.1,1,10,50,5,Healthy
309,61,Male,Canada,Desktop,1.9,1.6,5.8,0.2,5.8,10,2,111,10,Moderate Issues
310,33,Male,India,Phone,7.2,2.3,3.8,0.6,6.3,1,6,78,6,Healthy
311,17,Male,India,Laptop,8.8,2.5,5.4,1.7,4.1,6,6,57,7,Healthy
312,50,Female,USA,Phone,5.4,2.3,3.4,1.9,7.5,3,9,14,9,Healthy
313,31,Female,Germany,Tablet,4.6,0.9,4.3,0.7,5.3,3,9,64,1,Healthy
314,56,Male,Canada,Laptop,5.1,0.1,4.9,2.0,5.5,6,5,87,4,Healthy
315,51,Male,UK,Phone,7.7,3.1,2.9,0.0,5.4,3,5,54,9,Healthy
316,48,Male,USA,Laptop,5.1,1.5,8.0,0.0,8.7,10,9,118,5,Healthy
317,19,Male,Germany,Tablet,6.7,5.4,5.2,2.4,5.7,6,8,75,8,Healthy
318,48,Other,UK,Phone,6.1,2.4,6.6,1.5,7.6,5,7,9,1,Healthy
319,29,Male,India,Tablet,5.8,2.1,6.1,0.6,6.5,4,8,109,4,Healthy
320,36,Male,India,Phone,7.4,4.1,4.7,1.4,5.5,8,6,105,9,Healthy
321,63,Male,UK,Laptop,5.0,3.1,6.8,3.1,5.3,2,3,41,1,Healthy
322,35,Female,USA,Laptop,5.1,2.2,4.4,1.5,5.7,7,7,115,1,Healthy
323,23,Other,India,Laptop,7.6,1.5,2.5,1.8,6.4,4,8,94,4,Moderate Issues
324,22,Female,Canada,Phone,4.0,8.0,4.0,1.4,7.2,2,8,10,3,Healthy
325,18,Female,Australia,Tablet,4.2,3.0,2.0,0.2,5.9,7,1,117,7,Moderate Issues
326,32,Female,UK,Laptop,3.5,4.1,0.0,1.8,5.9,1,7,15,3,Healthy
327,48,Male,UK,Laptop,7.7,1.0,2.3,0.2,5.4,4,3,72,1,Chronic Issues
328,63,Female,India,Tablet,5.8,1.6,4.1,2.2,5.1,9,2,110,10,Healthy
329,27,Female,USA,Tablet,3.4,5.7,6.1,0.6,5.0,4,2,77,2,Healthy
330,37,Female,Canada,Phone,7.7,4.6,2.3,1.1,7.7,3,8,18,10,Healthy
331,37,Female,USA,Phone,4.9,3.2,6.0,0.7,5.9,10,9,30,4,Healthy
332,61,Female,Germany,Desktop,4.3,1.9,1.6,0.1,6.0,10,3,72,1,Moderate Issues
333,45,Female,Germany,Phone,5.6,2.1,2.2,0.3,5.7,2,3,99,1,Healthy
334,53,Other,Australia,Laptop,9.0,1.5,6.9,4.1,6.1,3,6,52,8,Healthy
335,53,Female,India,Desktop,5.2,0.8,4.1,3.2,6.9,1,10,102,7,Moderate Issues
336,60,Female,India,Phone,7.2,3.9,3.7,0.4,5.9,10,1,117,8,Healthy
337,23,Female,India,Laptop,7.5,3.3,4.5,5.6,6.7,8,6,89,4,Healthy
338,42,Male,Australia,Laptop,6.9,3.6,1.6,1.9,8.2,1,3,7,6,Healthy
339,42,Female,Germany,Laptop,8.5,2.0,3.3,0.9,5.5,3,4,23,3,Healthy
340,49,Male,USA,Phone,4.6,2.9,4.0,0.0,6.0,3,9,7,8,Chronic Issues
341,36,Female,Australia,Phone,3.9,1.9,6.5,2.3,7.3,2,3,82,4,Moderate Issues
342,45,Other,Australia,Laptop,3.9,1.4,0.7,0.8,8.3,5,1,110,3,Moderate Issues
343,48,Female,USA,Tablet,5.7,5.0,7.5,2.0,5.0,10,3,47,4,Chronic Issues
344,43,Male,India,Tablet,4.1,2.7,3.8,1.8,4.5,3,7,29,6,Healthy
345,62,Male,Canada,Laptop,6.3,3.3,1.8,1.8,6.5,3,7,57,7,Healthy
346,48,Male,USA,Phone,6.2,3.8,1.4,1.2,6.4,8,5,85,7,Healthy
347,20,Female,Germany,Laptop,8.0,2.7,4.5,0.3,7.3,4,1,54,4,Moderate Issues
348,63,Male,UK,Phone,6.6,2.9,1.3,0.4,7.2,4,8,72,8,Moderate Issues
349,34,Male,UK,Desktop,5.2,0.9,2.9,0.4,6.5,3,10,61,7,Healthy
350,19,Male,Australia,Tablet,6.8,1.2,3.5,0.0,7.8,1,8,107,2,Healthy
351,50,Female,UK,Laptop,3.9,1.1,6.3,0.9,5.7,8,10,47,8,Chronic Issues
352,64,Female,Canada,Desktop,5.9,3.4,6.0,1.2,6.8,1,10,3,9,Healthy
353,32,Male,India,Phone,6.6,2.6,2.7,1.9,5.0,7,10,36,5,Moderate Issues
354,59,Male,Germany,Laptop,6.3,1.2,3.6,0.2,6.4,5,2,7,4,Healthy
355,43,Female,Canada,Phone,6.8,3.4,0.8,0.8,4.7,4,10,0,4,Healthy
356,45,Female,Germany,Desktop,4.7,3.3,0.0,0.0,5.2,4,3,91,4,Healthy
357,44,Female,Germany,Phone,8.3,1.5,1.5,0.1,8.6,8,4,69,6,Moderate Issues
358,61,Male,India,Laptop,9.6,2.5,6.2,0.1,4.3,6,1,46,4,Healthy
359,21,Female,Australia,Tablet,2.8,3.3,5.6,1.3,6.2,1,4,99,7,Healthy
360,50,Female,UK,Phone,3.6,1.2,4.8,0.1,7.5,10,5,116,7,Moderate Issues
361,56,Female,India,Phone,6.1,3.3,1.1,1.3,9.2,8,3,74,5,Moderate Issues
362,52,Female,Canada,Tablet,5.5,3.0,2.6,0.3,6.7,2,10,4,5,Moderate Issues
363,39,Male,Australia,Laptop,9.8,1.0,2.3,2.1,6.8,6,2,49,10,Healthy
364,44,Male,Canada,Phone,6.4,2.8,3.7,1.7,6.5,9,6,23,8,Moderate Issues
365,64,Female,Australia,Phone,8.8,3.0,3.5,3.2,7.8,1,8,46,7,Healthy
366,61,Female,Canada,Phone,1.9,1.6,2.0,2.2,7.0,6,7,17,7,Healthy
367,46,Female,India,Tablet,7.6,1.7,4.7,2.7,5.8,8,1,83,6,Healthy
368,50,Female,Australia,Laptop,4.6,1.0,4.5,2.0,7.8,10,4,27,7,Healthy
369,48,Female,Australia,Phone,4.5,1.8,2.5,1.2,5.9,2,3,76,7,Moderate Issues
370,36,Female,Germany,Phone,5.5,2.5,4.6,0.2,4.6,5,6,4,10,Healthy
371,47,Male,Germany,Phone,3.2,1.7,6.2,0.3,4.6,6,9,29,2,Healthy
372,38,Female,USA,Phone,6.9,0.3,6.9,0.2,6.3,5,9,0,10,Moderate Issues
373,48,Male,Canada,Laptop,6.4,1.5,5.0,0.9,6.6,3,7,85,2,Moderate Issues
374,18,Male,Germany,Phone,6.5,1.9,4.9,0.7,7.6,4,9,81,10,Moderate Issues
375,33,Other,USA,Phone,7.8,3.7,3.5,2.0,7.3,7,8,45,7,Healthy
376,40,Male,Germany,Laptop,9.0,3.4,6.1,3.1,6.6,4,5,68,10,Moderate Issues
377,57,Male,Canada,Phone,5.3,3.8,1.9,0.5,7.7,9,9,30,7,Healthy
378,46,Male,Australia,Laptop,7.0,1.4,5.8,0.7,6.5,10,7,69,7,Chronic Issues
379,18,Female,UK,Laptop,6.6,2.7,3.4,3.6,5.0,2,5,90,5,Healthy
380,55,Male,Canada,Laptop,6.8,0.0,7.0,0.3,4.7,5,8,55,1,Moderate Issues
381,61,Male,India,Laptop,6.8,3.1,5.2,1.6,8.0,8,7,88,2,Healthy
382,39,Male,Germany,Laptop,9.2,3.4,3.9,0.3,3.8,5,9,92,9,Healthy
383,47,Male,Germany,Tablet,5.1,2.0,3.5,1.1,6.3,10,10,27,8,Healthy
384,62,Male,Australia,Laptop,2.9,2.9,5.1,0.3,10.0,8,1,15,8,Healthy
385,37,Male,India,Laptop,4.6,0.2,5.0,2.2,7.1,8,9,53,10,Healthy
386,38,Female,Australia,Tablet,7.5,1.3,3.2,0.8,6.2,9,7,52,1,Moderate Issues
387,17,Male,India,Laptop,6.0,3.6,4.2,0.2,4.5,10,1,11,6,Healthy
388,42,Male,UK,Phone,5.1,3.3,5.8,0.3,8.4,6,1,19,9,Moderate Issues
389,57,Male,Germany,Phone,3.8,1.9,1.3,0.7,8.0,4,5,81,8,Healthy
390,17,Male,Germany,Phone,6.4,3.7,5.5,3.3,7.3,3,8,33,3,Healthy
391,41,Female,UK,Tablet,7.3,2.7,5.0,1.5,6.5,5,9,118,4,Moderate Issues
392,32,Female,USA,Laptop,6.6,1.7,6.4,0.7,7.2,6,6,52,3,Moderate Issues
393,55,Male,Australia,Desktop,5.5,2.2,2.6,0.4,6.3,3,10,63,6,Healthy
394,48,Male,UK,Laptop,6.3,1.8,4.0,0.8,5.3,2,8,22,9,Healthy
395,24,Male,Australia,Laptop,6.3,0.7,4.4,1.4,7.6,7,6,108,8,Moderate Issues
396,58,Female,Canada,Phone,6.4,4.4,5.5,1.5,6.4,5,6,26,10,Healthy
397,63,Female,Germany,Laptop,3.6,1.6,4.9,0.4,7.1,9,4,112,4,Healthy
398,54,Female,Australia,Laptop,6.4,1.3,1.5,1.3,6.4,3,5,16,2,Moderate Issues
399,44,Male,India,Desktop,5.1,0.2,4.6,1.1,7.1,8,2,47,8,Healthy
400,57,Female,Australia,Phone,8.1,0.0,8.0,3.2,6.5,6,3,20,8,Healthy
401,41,Male,Canada,Laptop,6.3,3.6,5.2,2.7,6.4,4,3,49,6,Chronic Issues
402,50,Male,Germany,Laptop,7.7,3.7,7.3,1.6,6.5,9,5,39,8,Moderate Issues
403,40,Male,UK,Laptop,5.4,4.3,6.1,1.3,10.0,5,5,94,9,Healthy
404,39,Male,Canada,Laptop,5.5,2.3,6.7,0.3,7.5,10,6,2,1,Healthy
405,28,Female,Germany,Tablet,9.0,2.0,4.6,1.9,9.6,6,5,16,9,Healthy
406,22,Female,Australia,Phone,6.9,1.7,5.0,0.6,6.5,9,6,60,2,Moderate Issues
407,51,Male,USA,Laptop,4.6,1.9,4.5,0.3,6.1,7,8,49,1,Moderate Issues
408,60,Female,USA,Laptop,7.8,4.2,4.0,0.5,5.2,5,2,89,8,Healthy
409,35,Other,India,Tablet,4.9,2.5,5.5,1.8,8.4,2,4,86,8,Healthy
410,16,Female,Germany,Tablet,6.5,3.1,3.0,0.2,5.4,4,6,5,4,Healthy
411,23,Female,USA,Phone,9.7,1.8,7.8,0.6,8.7,2,5,27,8,Healthy
412,61,Female,UK,Phone,3.1,4.5,2.1,0.7,5.3,3,1,71,7,Moderate Issues
413,31,Other,Germany,Desktop,5.6,0.0,5.6,0.0,7.6,10,9,54,2,Healthy
414,29,Female,UK,Laptop,6.8,0.7,6.8,0.2,4.6,3,3,57,5,Healthy
415,27,Male,UK,Desktop,7.5,3.1,3.6,1.8,6.0,4,2,44,10,Healthy
416,38,Male,USA,Phone,3.5,5.1,1.8,1.8,6.5,6,9,71,4,Healthy
417,30,Female,Germany,Laptop,2.9,2.2,6.3,0.3,5.8,3,7,18,3,Healthy
418,43,Male,Australia,Tablet,8.2,1.2,4.4,2.1,6.3,10,5,101,1,Healthy
419,49,Female,Canada,Desktop,4.6,4.0,5.6,1.5,6.3,1,6,28,5,Moderate Issues
420,17,Male,USA,Phone,4.5,3.0,3.8,0.5,7.5,1,4,22,10,Chronic Issues
421,47,Male,USA,Laptop,9.1,4.4,7.5,1.4,4.0,9,1,110,8,Chronic Issues
422,38,Male,Australia,Laptop,6.1,0.6,0.0,3.3,5.8,9,4,31,9,Healthy
423,37,Male,Germany,Phone,6.2,4.3,4.8,0.6,8.0,5,9,9,7,Moderate Issues
424,40,Female,Germany,Laptop,5.6,0.2,6.7,0.3,7.2,9,1,90,1,Chronic Issues
425,37,Female,UK,Laptop,3.6,2.1,4.2,2.8,8.0,7,10,48,1,Healthy
426,37,Female,Australia,Desktop,7.4,3.1,4.6,0.9,7.4,9,3,64,1,Healthy
427,64,Female,Australia,Laptop,6.8,2.8,3.1,0.1,5.2,7,5,102,2,Healthy
428,57,Male,Germany,Phone,6.3,4.1,4.0,0.9,7.3,9,7,28,1,Healthy
429,21,Female,UK,Phone,5.8,0.0,0.7,0.7,6.6,2,9,58,4,Moderate Issues
430,30,Female,USA,Laptop,5.4,2.7,2.6,1.9,9.2,8,6,44,10,Healthy
431,58,Female,India,Phone,7.8,4.3,2.4,0.8,7.5,7,3,66,9,Healthy
432,52,Male,Canada,Tablet,5.7,2.6,5.3,0.3,7.1,6,7,50,4,Healthy
433,48,Female,USA,Phone,5.9,0.8,2.9,1.1,7.3,5,4,110,4,Healthy
434,23,Female,Germany,Desktop,7.1,4.0,2.9,0.8,7.1,4,3,100,7,Healthy
435,59,Other,Canada,Desktop,6.4,1.5,3.2,0.3,7.0,7,7,94,9,Healthy
436,59,Female,India,Laptop,9.3,1.3,2.5,0.9,6.2,3,7,10,7,Healthy
437,20,Male,India,Desktop,2.5,1.1,4.5,1.7,7.1,8,4,85,1,Moderate Issues
438,54,Female,UK,Tablet,6.6,2.2,4.8,0.0,7.6,2,7,81,1,Moderate Issues
439,19,Female,Canada,Laptop,4.6,2.8,5.7,1.0,7.8,1,2,98,4,Moderate Issues
440,21,Male,UK,Phone,4.1,0.6,5.3,0.4,7.6,2,1,5,4,Moderate Issues
441,60,Female,USA,Laptop,5.1,0.9,5.1,0.3,8.3,9,2,66,1,Moderate Issues
442,47,Female,Australia,Laptop,6.1,1.5,3.3,0.5,7.8,5,4,61,6,Moderate Issues
443,45,Male,Australia,Tablet,6.2,1.1,3.2,0.4,7.3,8,8,4,10,Moderate Issues
444,62,Male,Australia,Laptop,3.0,2.6,2.3,1.8,5.1,3,3,8,2,Moderate Issues
445,50,Male,Canada,Tablet,4.9,3.0,2.2,0.3,5.1,7,10,27,5,Healthy
446,55,Male,Australia,Laptop,6.6,2.8,4.4,1.3,6.2,2,6,82,8,Healthy
447,31,Male,USA,Phone,4.2,2.8,2.6,0.1,6.6,8,6,91,3,Moderate Issues
448,28,Female,UK,Desktop,3.8,5.0,6.9,3.0,8.2,7,9,90,9,Healthy
449,57,Male,Canada,Laptop,1.5,3.1,3.9,1.0,3.2,5,9,76,7,Healthy
450,45,Male,UK,Phone,4.7,3.7,7.0,1.2,5.3,4,4,37,9,Healthy
451,34,Female,Canada,Laptop,3.7,1.9,5.1,0.4,6.3,1,9,42,1,Healthy
452,32,Female,UK,Phone,4.0,3.9,2.4,0.5,5.3,5,6,116,5,Chronic Issues
453,34,Male,India,Laptop,5.5,1.8,3.9,0.3,5.5,9,2,20,3,Healthy
454,43,Male,UK,Laptop,4.8,3.1,0.7,2.7,5.9,10,10,90,4,Healthy
455,41,Male,Australia,Laptop,3.7,0.4,4.4,0.7,5.4,4,6,61,4,Healthy
456,52,Female,India,Desktop,1.8,2.7,2.6,1.0,5.6,9,2,45,7,Moderate Issues
457,41,Male,UK,Laptop,6.6,1.0,1.8,1.3,8.1,2,8,69,10,Healthy
458,38,Female,Canada,Phone,7.5,3.9,7.0,0.5,7.2,4,4,37,8,Moderate Issues
459,24,Other,Canada,Laptop,5.2,3.8,6.1,1.3,7.4,9,5,48,10,Moderate Issues
460,27,Male,Canada,Desktop,5.5,1.8,6.0,1.1,6.5,4,8,74,5,Healthy
461,16,Female,Germany,Phone,6.0,5.6,5.6,1.2,7.7,5,8,110,10,Healthy
462,16,Other,USA,Phone,9.2,2.1,1.5,0.7,7.5,8,6,104,7,Healthy
463,62,Male,Canada,Phone,2.9,0.1,3.2,0.5,7.2,1,4,116,3,Moderate Issues
464,49,Female,India,Phone,5.2,1.3,3.3,0.3,5.7,1,1,80,3,Moderate Issues
465,47,Female,Canada,Tablet,2.6,0.9,0.6,1.7,6.0,9,7,119,3,Healthy
466,63,Female,Germany,Laptop,6.7,3.1,2.9,0.9,7.8,9,8,38,4,Healthy
467,40,Female,Australia,Phone,5.7,0.6,2.9,0.6,5.9,4,9,70,6,Healthy
468,55,Female,India,Laptop,6.4,1.7,4.3,2.9,5.0,2,2,29,5,Moderate Issues
469,60,Female,Germany,Phone,6.3,3.0,9.1,0.0,5.9,9,1,20,8,Healthy
470,16,Female,Australia,Desktop,8.0,2.7,4.0,1.9,8.4,4,4,0,5,Healthy
471,31,Female,India,Desktop,7.1,2.5,4.3,6.0,5.9,6,5,88,5,Healthy
472,54,Female,UK,Phone,7.7,2.7,3.5,2.2,6.9,1,10,31,10,Moderate Issues
473,20,Female,USA,Tablet,3.9,1.9,5.5,1.7,5.8,9,1,7,2,Moderate Issues
474,37,Male,USA,Tablet,8.4,0.1,1.9,0.5,7.4,5,5,68,5,Healthy
475,44,Male,Germany,Phone,4.6,1.9,7.8,0.3,7.1,3,6,29,7,Moderate Issues
476,18,Male,Australia,Phone,4.7,3.2,3.8,1.3,4.7,4,3,114,2,Healthy
477,27,Male,USA,Laptop,6.5,2.3,3.2,0.4,6.8,1,7,7,6,Chronic Issues
478,41,Male,Australia,Tablet,6.6,3.1,5.9,0.2,4.5,9,6,112,7,Healthy
479,31,Female,Australia,Desktop,3.9,1.6,2.2,1.5,5.8,8,4,18,5,Moderate Issues
480,52,Male,Germany,Tablet,5.7,4.0,5.4,0.4,6.5,4,3,107,9,Healthy
481,37,Female,Germany,Tablet,9.0,0.0,6.8,2.5,8.7,2,5,58,4,Healthy
482,44,Male,Germany,Laptop,3.1,2.7,3.5,1.8,6.9,9,3,54,10,Moderate Issues
483,29,Female,USA,Tablet,9.0,4.5,8.1,1.9,5.6,4,10,29,1,Healthy
484,43,Other,Germany,Tablet,5.5,4.7,5.3,1.5,6.1,9,9,78,8,Healthy
485,20,Male,USA,Phone,1.3,2.2,5.3,2.1,7.6,10,9,35,8,Healthy
486,62,Female,Germany,Laptop,3.3,0.5,6.7,1.6,5.6,3,6,54,7,Healthy
487,64,Male,Canada,Tablet,4.1,4.5,7.3,0.9,7.8,7,6,43,8,Healthy
488,45,Female,Australia,Phone,4.8,2.4,4.5,0.4,5.9,7,4,26,2,Healthy
489,61,Male,Germany,Tablet,5.8,2.3,5.6,2.2,5.4,10,4,76,3,Moderate Issues
490,20,Female,India,Phone,1.0,1.2,6.8,1.8,5.9,4,2,77,9,Moderate Issues
491,27,Male,Australia,Laptop,6.4,0.6,1.7,0.6,4.6,2,10,100,1,Healthy
492,31,Female,Australia,Tablet,3.9,3.3,0.5,0.0,3.9,9,4,53,8,Healthy
493,41,Female,Germany,Phone,8.8,3.5,3.9,1.0,6.4,4,8,47,8,Moderate Issues
494,41,Male,UK,Phone,5.5,2.8,0.5,0.1,6.4,8,10,29,7,Healthy
495,63,Male,Germany,Laptop,7.9,1.4,3.4,2.6,6.8,2,2,38,5,Healthy
496,36,Male,Australia,Tablet,8.2,0.9,4.6,3.3,6.4,8,9,110,4,Moderate Issues
497,54,Male,India,Phone,8.2,0.4,3.4,0.2,9.3,10,1,12,10,Moderate Issues
498,51,Female,Australia,Desktop,4.9,1.7,3.7,1.1,6.7,5,2,15,10,Healthy
499,48,Male,India,Phone,4.8,1.0,2.0,0.1,4.8,7,2,43,10,Healthy
500,45,Male,USA,Desktop,5.6,0.0,5.6,1.3,5.2,7,6,70,10,Healthy
501,52,Male,Canada,Desktop,7.3,3.5,1.9,0.4,6.5,9,7,111,6,Chronic Issues
502,38,Female,Australia,Laptop,5.0,0.5,0.0,1.1,6.0,3,3,118,1,Healthy
503,25,Male,Germany,Laptop,5.8,4.0,3.6,0.5,5.0,10,9,118,5,Chronic Issues
504,20,Male,USA,Laptop,6.5,3.1,5.8,0.2,6.4,4,5,26,4,Healthy
505,51,Male,Canada,Laptop,4.2,2.9,4.2,0.5,6.4,10,5,44,4,Healthy
506,49,Male,Germany,Phone,4.1,5.0,1.7,0.1,8.4,4,4,118,7,Healthy
507,46,Female,UK,Phone,5.7,0.6,4.2,0.9,5.4,10,9,34,9,Moderate Issues
508,25,Male,Germany,Phone,5.9,3.8,4.9,0.0,6.0,5,8,78,8,Healthy
509,34,Male,India,Laptop,6.9,2.1,4.2,0.7,8.4,6,4,27,8,Healthy
510,47,Female,India,Phone,7.3,6.4,3.5,2.2,6.9,3,4,98,5,Moderate Issues
511,16,Female,UK,Laptop,3.8,1.9,5.0,1.8,5.4,4,2,6,6,Chronic Issues
512,20,Male,USA,Desktop,4.4,1.7,0.5,2.1,5.6,3,9,61,2,Healthy
513,60,Female,Canada,Phone,4.1,3.1,2.2,2.6,5.0,2,3,113,3,Healthy
514,19,Female,Germany,Laptop,8.8,2.2,1.4,0.1,6.6,10,4,109,5,Moderate Issues
515,31,Male,India,Laptop,5.8,1.4,6.7,0.1,7.7,9,7,113,2,Moderate Issues
516,39,Female,USA,Tablet,6.0,1.0,5.4,0.8,8.5,1,10,50,3,Healthy
517,31,Female,UK,Desktop,6.1,4.7,4.4,2.2,4.7,2,8,45,4,Chronic Issues
518,17,Male,Australia,Tablet,4.6,0.8,1.1,3.7,7.5,8,8,19,6,Healthy
519,64,Male,India,Desktop,9.1,2.8,5.5,0.0,6.7,7,4,95,5,Moderate Issues
520,43,Male,UK,Phone,6.8,4.1,6.8,0.4,6.2,1,7,37,10,Healthy
521,47,Female,Germany,Tablet,6.1,4.2,5.1,0.2,6.0,5,10,60,4,Healthy
522,42,Other,Canada,Tablet,3.8,1.6,3.9,1.4,4.2,10,1,103,2,Healthy
523,35,Female,India,Phone,3.7,2.2,5.3,1.0,7.3,6,6,31,5,Moderate Issues
524,39,Male,India,Desktop,5.4,1.9,4.5,0.1,4.9,5,6,25,5,Chronic Issues
525,27,Female,Germany,Phone,4.6,0.2,5.9,0.7,5.6,4,6,57,7,Healthy
526,50,Female,Australia,Laptop,3.9,3.3,5.8,1.2,7.0,1,2,38,1,Healthy
527,48,Male,USA,Phone,5.3,2.6,3.6,1.5,4.3,7,8,19,4,Healthy
528,48,Male,Canada,Laptop,5.6,4.7,2.7,0.0,4.9,9,5,81,5,Moderate Issues
529,58,Female,India,Laptop,6.3,1.3,3.2,2.2,8.0,6,5,49,8,Chronic Issues
530,52,Male,Canada,Laptop,5.0,4.1,5.1,0.8,6.6,3,2,78,8,Moderate Issues
531,27,Female,India,Laptop,4.0,4.2,3.3,1.7,5.7,10,4,51,1,Healthy
532,18,Male,Canada,Phone,4.1,2.6,2.5,1.6,6.7,4,9,85,5,Chronic Issues
533,16,Male,UK,Tablet,8.4,0.0,4.0,0.2,7.3,10,9,114,10,Healthy
534,48,Male,India,Phone,3.5,1.7,6.2,0.1,7.8,5,6,21,1,Healthy
535,55,Male,Canada,Laptop,6.7,5.2,4.3,1.3,5.2,1,9,52,1,Healthy
536,25,Female,USA,Desktop,7.0,2.9,3.4,0.2,5.3,5,4,84,2,Healthy
537,58,Male,UK,Tablet,5.8,3.5,4.6,1.9,7.2,1,1,65,2,Moderate Issues
538,59,Female,UK,Laptop,9.5,2.4,4.2,1.3,7.3,9,2,103,9,Moderate Issues
539,44,Female,USA,Tablet,7.0,2.2,0.1,1.8,4.9,7,1,116,4,Healthy
540,28,Female,Canada,Tablet,9.7,0.0,5.4,0.4,5.3,3,8,42,3,Healthy
541,27,Male,Germany,Tablet,4.7,3.7,4.8,0.4,6.3,9,9,81,1,Healthy
542,46,Female,USA,Laptop,4.7,4.1,4.0,1.1,6.5,2,10,22,2,Healthy
543,61,Female,Canada,Phone,7.1,1.1,6.1,0.0,6.6,7,6,76,6,Healthy
544,17,Male,USA,Phone,5.5,2.2,6.4,1.3,4.9,9,2,63,9,Healthy
545,50,Male,USA,Phone,9.4,2.0,5.6,1.8,6.6,6,6,104,5,Moderate Issues
546,38,Female,India,Laptop,6.7,3.1,2.3,0.5,5.6,10,9,8,4,Moderate Issues
547,32,Other,Canada,Phone,3.9,1.7,2.4,1.4,5.1,5,3,112,5,Chronic Issues
548,41,Male,Germany,Laptop,2.5,3.9,6.2,0.2,6.5,7,9,6,9,Chronic Issues
549,23,Female,India,Phone,5.8,2.6,0.2,0.4,6.4,6,2,40,7,Moderate Issues
550,44,Female,USA,Phone,5.8,0.0,3.7,3.7,7.5,5,5,53,8,Healthy
551,41,Female,Australia,Tablet,6.6,3.2,4.9,4.3,5.5,2,2,64,4,Moderate Issues
552,25,Other,USA,Laptop,8.4,4.0,0.5,0.7,6.8,8,7,1,8,Healthy
553,41,Female,USA,Phone,8.2,0.8,4.5,2.7,4.6,7,10,3,6,Moderate Issues
554,49,Male,Canada,Tablet,4.8,3.1,5.9,0.7,6.2,6,9,77,5,Healthy
555,56,Male,Canada,Phone,3.4,5.2,1.0,0.3,7.1,5,7,31,7,Moderate Issues
556,22,Male,India,Laptop,3.5,2.7,7.3,0.3,7.2,5,5,99,6,Healthy
557,19,Female,Germany,Tablet,4.5,4.2,2.0,2.7,7.2,9,4,1,3,Healthy
558,60,Female,India,Phone,5.3,1.8,5.1,0.2,7.5,1,4,103,5,Healthy
559,26,Male,UK,Tablet,6.6,2.5,3.8,0.9,6.0,9,10,113,9,Healthy
560,44,Female,USA,Laptop,4.4,2.2,4.1,0.8,7.1,6,8,114,7,Chronic Issues
561,51,Female,Australia,Laptop,6.6,1.9,1.4,1.3,8.7,4,10,63,4,Healthy
562,40,Female,USA,Phone,6.7,2.3,6.5,0.7,5.9,10,10,13,7,Healthy
563,36,Male,USA,Phone,6.3,0.1,4.7,0.3,8.2,7,10,19,5,Chronic Issues
564,51,Female,India,Desktop,3.7,2.0,7.2,0.2,7.6,9,10,88,2,Moderate Issues
565,25,Male,Australia,Phone,6.9,4.5,1.5,1.0,6.2,5,10,105,6,Healthy
566,52,Male,Australia,Laptop,10.2,1.1,3.6,1.3,6.3,5,1,48,7,Healthy
567,24,Male,Australia,Laptop,6.5,0.9,4.4,0.8,6.6,8,5,7,8,Healthy
568,39,Male,India,Laptop,1.0,2.6,4.1,1.3,7.5,7,2,91,6,Moderate Issues
569,50,Male,USA,Phone,8.5,2.7,5.3,0.2,7.0,8,9,62,8,Moderate Issues
570,64,Female,India,Phone,4.6,3.1,3.6,2.1,5.9,10,7,45,7,Chronic Issues
571,50,Male,Canada,Laptop,10.5,2.3,8.2,0.9,4.0,2,10,20,2,Healthy
572,63,Female,Canada,Phone,6.2,2.6,4.1,0.1,7.3,9,8,86,6,Healthy
573,51,Male,India,Phone,2.6,2.0,0.0,0.6,4.2,3,6,31,9,Healthy
574,33,Female,Australia,Phone,1.9,0.6,4.2,1.9,4.9,6,9,7,6,Moderate Issues
575,64,Other,USA,Laptop,9.1,2.4,6.5,2.3,6.0,6,6,94,4,Healthy
576,54,Male,India,Tablet,8.2,3.6,2.2,0.3,5.0,2,7,100,7,Healthy
577,47,Male,India,Phone,10.5,3.3,2.0,1.2,6.9,7,7,15,3,Healthy
578,39,Male,India,Phone,6.0,0.0,2.3,0.1,6.1,9,9,39,5,Healthy
579,38,Female,UK,Phone,5.9,2.9,1.8,0.0,7.4,10,8,105,1,Moderate Issues
580,47,Female,Canada,Laptop,5.2,1.2,3.0,0.8,4.6,1,1,26,10,Healthy
581,52,Male,Australia,Laptop,4.7,4.6,5.8,1.2,5.7,8,4,103,3,Healthy
582,27,Female,Germany,Laptop,5.2,3.0,7.1,1.6,6.5,2,7,104,8,Healthy
583,64,Male,Australia,Tablet,6.4,3.8,0.0,0.4,6.6,1,8,17,9,Moderate Issues
584,28,Male,Germany,Laptop,4.3,2.5,3.2,0.0,7.3,8,7,34,9,Healthy
585,38,Female,UK,Tablet,2.7,2.4,4.6,0.7,5.4,2,3,112,10,Healthy
586,40,Male,India,Tablet,6.3,4.7,4.4,0.0,5.9,6,4,51,2,Healthy
587,50,Female,UK,Phone,4.3,4.0,7.8,0.1,7.1,6,7,14,4,Healthy
588,56,Male,UK,Phone,1.0,2.7,0.0,0.4,3.9,5,8,62,5,Moderate Issues
589,45,Other,USA,Phone,7.1,2.2,0.0,0.6,7.0,8,7,52,3,Healthy
590,32,Male,Canada,Phone,3.8,0.0,8.1,0.3,7.4,3,6,90,1,Chronic Issues
591,64,Male,Germany,Desktop,7.3,3.0,5.5,0.9,4.9,10,9,80,6,Healthy
592,35,Female,India,Laptop,7.3,2.3,2.9,0.1,6.1,4,9,103,10,Moderate Issues
593,63,Male,Germany,Phone,6.6,3.3,4.3,0.2,8.3,7,7,65,2,Moderate Issues
594,40,Other,Australia,Tablet,11.0,3.8,4.5,1.2,7.3,7,8,112,9,Healthy
595,37,Female,Germany,Laptop,5.7,4.3,2.8,0.2,7.0,8,6,113,1,Moderate Issues
596,28,Female,Australia,Phone,5.4,3.0,4.3,1.0,7.7,2,1,30,9,Healthy
597,34,Female,Canada,Phone,7.4,0.9,4.7,0.1,8.7,2,1,60,7,Healthy
598,64,Female,Australia,Laptop,5.9,0.0,8.0,0.5,6.5,4,6,63,10,Healthy
599,51,Female,Germany,Tablet,8.3,1.3,5.9,0.2,6.0,10,2,100,2,Healthy
600,27,Female,Germany,Phone,3.5,4.5,7.5,0.1,7.7,9,8,104,6,Moderate Issues
601,56,Female,Australia,Phone,3.5,5.2,1.3,0.8,6.3,10,1,104,8,Healthy
602,34,Male,UK,Laptop,7.5,2.1,3.3,2.6,5.4,9,2,97,2,Moderate Issues
603,27,Male,Canada,Phone,3.7,0.3,4.5,0.1,5.9,4,8,33,5,Healthy
604,24,Female,USA,Laptop,7.2,1.5,0.2,0.5,6.9,9,6,114,6,Healthy
605,22,Male,India,Laptop,6.7,4.2,6.4,1.2,6.0,3,10,54,3,Chronic Issues
606,43,Female,Germany,Phone,4.6,1.6,5.3,0.6,6.1,5,2,58,2,Moderate Issues
607,29,Male,India,Desktop,6.7,3.4,3.3,1.6,5.3,10,2,2,6,Moderate Issues
608,46,Male,USA,Laptop,3.5,2.8,3.6,0.2,8.2,9,7,16,3,Moderate Issues
609,34,Female,India,Phone,4.0,3.6,6.5,3.2,6.1,6,5,77,2,Chronic Issues
610,62,Female,USA,Laptop,5.5,5.2,2.4,0.5,5.6,3,5,77,1,Healthy
611,31,Male,Australia,Tablet,6.2,3.4,6.6,0.4,5.8,10,8,45,8,Moderate Issues
612,20,Female,UK,Laptop,5.4,2.7,3.5,2.1,7.5,9,7,37,1,Healthy
613,50,Female,Germany,Phone,6.9,5.4,5.5,0.8,7.2,6,9,34,5,Healthy
614,27,Male,USA,Desktop,6.8,3.0,4.2,0.7,5.9,4,4,0,6,Healthy
615,40,Female,India,Laptop,9.1,1.3,8.5,1.3,6.5,4,10,111,3,Healthy
616,36,Male,Germany,Phone,5.8,3.5,2.2,0.9,6.8,8,4,28,7,Healthy
617,51,Male,UK,Phone,8.4,3.2,2.9,0.2,5.7,7,2,3,2,Moderate Issues
618,38,Other,Australia,Phone,7.8,2.0,1.0,1.1,4.7,1,3,60,7,Moderate Issues
619,31,Male,Germany,Tablet,10.6,1.7,1.8,0.1,7.1,6,1,96,2,Healthy
620,54,Female,USA,Phone,5.7,2.1,5.4,1.6,5.7,8,1,16,5,Healthy
621,60,Female,UK,Phone,5.2,1.7,7.2,4.6,7.0,3,7,27,7,Healthy
622,57,Male,India,Tablet,8.5,2.1,5.7,0.5,6.9,9,5,49,3,Healthy
623,54,Female,UK,Phone,6.8,1.2,4.0,0.6,6.6,10,3,89,4,Moderate Issues
624,29,Female,UK,Phone,8.6,3.1,2.2,0.0,6.0,2,7,7,1,Healthy
625,46,Male,Canada,Phone,7.4,3.0,5.8,0.0,5.7,6,2,33,3,Healthy
626,20,Female,UK,Phone,1.8,3.0,2.1,2.5,5.1,1,3,58,9,Chronic Issues
627,50,Female,UK,Phone,6.8,2.4,1.3,0.1,5.8,2,1,17,10,Moderate Issues
628,38,Female,Germany,Laptop,6.6,2.2,3.4,0.6,7.2,5,8,94,5,Moderate Issues
629,44,Female,India,Phone,6.3,4.7,0.0,1.7,8.2,1,2,58,8,Moderate Issues
630,58,Male,Germany,Phone,5.7,2.6,1.2,2.2,8.0,8,7,26,2,Healthy
631,26,Female,Germany,Tablet,2.8,4.4,7.8,0.7,6.7,1,9,15,3,Healthy
632,33,Female,USA,Laptop,7.7,1.0,0.9,0.8,8.2,9,6,9,7,Moderate Issues
633,62,Female,Germany,Laptop,6.7,3.4,1.6,1.1,6.1,10,2,103,10,Moderate Issues
634,27,Female,Canada,Laptop,8.2,1.4,4.1,3.3,5.0,3,2,75,4,Healthy
635,24,Female,Canada,Phone,2.9,1.7,4.2,0.9,8.8,2,9,21,9,Healthy
636,25,Female,USA,Laptop,7.0,1.9,3.5,0.8,7.1,1,10,15,7,Moderate Issues
637,59,Female,Australia,Laptop,5.5,1.8,0.0,0.0,4.7,9,8,11,1,Healthy
638,32,Female,India,Phone,6.3,1.8,5.7,0.1,8.4,4,9,74,4,Healthy
639,53,Female,India,Desktop,5.6,4.3,3.1,0.9,5.6,1,4,83,10,Healthy
640,22,Female,Germany,Phone,7.1,2.6,6.4,2.8,5.9,1,4,50,6,Healthy
641,61,Female,Germany,Tablet,5.7,2.8,2.7,2.0,7.7,7,2,0,6,Healthy
642,28,Male,Australia,Phone,3.9,1.8,6.0,4.1,8.1,2,10,26,10,Healthy
643,55,Male,Germany,Tablet,6.2,3.8,6.6,0.8,5.3,7,1,66,6,Moderate Issues
644,57,Male,India,Laptop,5.6,3.0,3.1,1.6,8.3,7,10,11,5,Healthy
645,24,Female,UK,Tablet,5.8,2.0,5.8,1.8,7.5,10,4,29,3,Healthy
646,42,Female,Canada,Phone,1.0,0.1,1.3,1.0,5.5,9,10,8,2,Healthy
647,17,Female,UK,Laptop,7.4,2.8,4.5,0.4,6.2,7,10,52,3,Chronic Issues
648,20,Male,UK,Laptop,5.4,3.4,6.4,0.6,8.3,1,8,60,9,Healthy
649,44,Female,India,Laptop,3.3,1.0,5.0,2.0,4.6,8,2,53,3,Healthy
650,52,Male,UK,Laptop,7.8,2.1,8.8,0.4,8.2,8,8,36,3,Moderate Issues
651,53,Male,Australia,Laptop,7.3,3.3,5.1,2.6,7.5,4,1,64,1,Healthy
652,34,Female,USA,Laptop,5.3,0.1,3.3,0.3,7.1,8,1,41,2,Healthy
653,23,Female,Germany,Phone,3.7,1.5,9.7,1.4,6.7,4,4,48,3,Healthy
654,63,Male,USA,Laptop,6.4,3.1,7.3,1.0,8.9,8,7,3,2,Chronic Issues
655,60,Male,Canada,Phone,6.2,4.2,0.8,1.4,9.0,5,9,63,8,Moderate Issues
656,16,Male,Germany,Desktop,7.8,5.8,2.4,0.6,5.8,4,5,78,6,Chronic Issues
657,37,Male,UK,Laptop,5.1,5.4,1.9,2.7,7.2,6,2,50,7,Healthy
658,32,Female,Canada,Desktop,8.4,2.7,5.3,1.0,8.7,2,7,90,1,Moderate Issues
659,22,Male,Germany,Phone,4.9,1.8,5.1,0.3,5.6,2,2,71,6,Healthy
660,40,Female,Australia,Tablet,3.3,3.9,5.1,1.0,6.8,2,9,59,2,Moderate Issues
661,60,Female,Australia,Tablet,3.7,1.7,0.7,0.3,7.7,9,9,86,6,Moderate Issues
662,19,Male,Australia,Laptop,5.9,1.4,2.7,0.3,4.1,10,3,78,3,Healthy
663,51,Male,Australia,Laptop,5.9,2.0,3.7,0.5,7.5,3,8,90,7,Moderate Issues
664,21,Male,UK,Phone,6.7,1.9,0.4,1.9,5.2,10,4,30,3,Healthy
665,46,Male,USA,Tablet,5.8,3.1,2.3,0.7,6.7,4,3,102,9,Healthy
666,34,Male,Germany,Laptop,8.0,1.6,6.7,1.1,7.9,10,1,110,3,Chronic Issues
667,59,Female,UK,Phone,5.5,2.6,0.9,0.5,3.6,8,5,71,7,Healthy
668,54,Male,Australia,Phone,2.0,4.9,6.9,0.3,7.4,4,4,93,4,Healthy
669,42,Other,USA,Desktop,5.8,2.7,6.2,3.1,8.9,10,1,57,8,Healthy
670,25,Male,Canada,Tablet,2.0,4.8,3.4,0.9,5.9,10,10,118,2,Moderate Issues
671,41,Female,Canada,Desktop,6.5,4.3,2.7,2.7,7.2,7,8,105,8,Healthy
672,34,Female,Canada,Laptop,8.1,3.4,5.7,0.2,8.1,5,8,81,9,Healthy
673,54,Female,Australia,Phone,4.0,2.0,2.4,0.2,4.6,9,8,3,8,Moderate Issues
674,18,Female,Canada,Phone,8.8,4.1,2.5,1.9,7.4,4,3,110,6,Healthy
675,60,Female,India,Phone,7.7,2.1,4.0,1.1,7.7,3,6,106,10,Healthy
676,28,Female,Germany,Phone,8.4,2.5,0.0,0.2,7.3,2,7,21,1,Moderate Issues
677,43,Female,Germany,Phone,6.4,3.0,1.1,0.3,6.6,1,9,2,7,Healthy
678,35,Female,Australia,Phone,4.0,2.5,3.4,1.6,5.3,6,5,78,1,Moderate Issues
679,43,Male,India,Laptop,7.6,1.4,5.0,0.6,8.2,10,9,98,7,Healthy
680,23,Male,UK,Desktop,4.8,0.2,2.4,1.1,6.5,2,6,46,2,Chronic Issues
681,56,Female,UK,Laptop,6.2,3.9,3.6,0.4,5.4,8,10,37,8,Chronic Issues
682,54,Female,Canada,Tablet,5.7,3.4,0.8,0.5,6.1,6,10,32,2,Healthy
683,16,Female,USA,Laptop,8.2,0.0,5.9,4.7,6.9,5,10,77,3,Healthy
684,18,Female,UK,Phone,7.5,1.4,4.4,0.3,4.6,2,4,47,3,Chronic Issues
685,28,Other,USA,Phone,5.8,2.8,4.6,0.7,6.5,7,1,64,1,Healthy
686,43,Male,Germany,Phone,2.1,3.2,5.0,1.9,6.0,2,1,116,5,Healthy
687,64,Male,USA,Phone,4.7,0.2,4.2,0.3,8.1,5,10,112,5,Moderate Issues
688,40,Male,Germany,Laptop,7.4,2.4,3.0,0.5,4.3,2,5,25,10,Moderate Issues
689,48,Male,India,Phone,6.6,3.3,6.3,1.0,7.6,10,3,7,5,Moderate Issues
690,53,Female,India,Phone,3.0,2.0,4.3,0.7,8.2,2,5,49,9,Healthy
691,21,Male,Australia,Phone,2.4,2.9,3.7,0.6,4.3,7,5,79,6,Healthy
692,59,Female,Australia,Desktop,6.4,1.8,4.0,0.5,4.4,9,1,37,6,Moderate Issues
693,60,Male,Canada,Tablet,3.9,3.9,3.9,0.9,8.6,5,8,9,3,Moderate Issues
694,47,Female,UK,Laptop,4.1,1.3,3.6,1.0,5.4,7,5,41,5,Moderate Issues
695,60,Female,Canada,Phone,7.3,0.8,4.9,1.1,10.0,4,5,36,10,Chronic Issues
696,62,Male,Germany,Tablet,8.4,2.5,2.1,0.1,4.3,2,9,25,7,Moderate Issues
697,36,Female,Canada,Tablet,4.5,0.3,2.3,1.0,6.7,3,8,91,3,Healthy
698,31,Male,USA,Laptop,5.9,0.0,5.1,3.1,6.5,2,1,11,2,Moderate Issues
699,36,Male,Germany,Desktop,5.9,4.1,3.7,0.8,6.3,5,3,83,5,Healthy
700,26,Male,Australia,Phone,5.7,1.0,5.9,1.3,7.1,6,7,48,3,Healthy
701,52,Male,India,Desktop,6.1,0.5,4.8,0.8,7.1,7,1,13,5,Healthy
702,51,Male,Australia,Desktop,7.5,1.3,2.9,1.9,6.3,3,1,45,9,Moderate Issues
703,50,Female,UK,Phone,4.7,1.2,5.2,2.7,5.3,4,5,34,10,Chronic Issues
704,34,Female,Germany,Laptop,2.9,2.3,6.4,0.2,7.8,8,9,28,1,Healthy
705,35,Female,Germany,Desktop,9.4,0.9,4.9,0.6,7.3,4,6,11,4,Healthy
706,33,Male,USA,Phone,8.2,3.2,5.3,0.5,6.6,7,10,115,10,Healthy
707,62,Female,UK,Laptop,3.8,3.5,3.7,0.5,7.2,6,2,81,5,Moderate Issues
708,56,Male,India,Desktop,6.3,0.6,6.0,0.1,7.4,7,9,43,2,Moderate Issues
709,64,Male,Germany,Laptop,8.0,1.6,2.8,1.7,5.6,1,6,65,2,Healthy
710,29,Female,Germany,Phone,7.5,1.7,4.7,0.0,7.2,3,5,1,1,Moderate Issues
711,30,Male,USA,Laptop,6.9,2.3,9.1,0.8,5.8,6,5,58,8,Healthy
712,46,Female,Canada,Phone,5.7,4.1,5.1,1.1,7.5,3,3,16,2,Healthy
713,16,Female,India,Laptop,9.5,4.2,3.2,0.2,6.3,7,6,9,3,Healthy
714,18,Male,Australia,Phone,6.4,6.2,3.2,2.4,7.2,9,4,17,2,Moderate Issues
715,31,Male,UK,Laptop,5.0,0.0,3.9,1.8,6.0,3,10,21,4,Healthy
716,38,Male,Germany,Laptop,7.7,1.1,5.7,0.6,7.3,1,2,82,1,Moderate Issues
717,26,Female,Germany,Laptop,6.2,5.2,4.3,0.5,5.3,10,3,57,3,Healthy
718,27,Male,Australia,Laptop,6.7,0.0,2.7,0.3,6.5,6,9,52,5,Healthy
719,25,Male,India,Laptop,6.4,5.2,2.7,1.3,7.7,1,9,0,10,Healthy
720,47,Male,Canada,Laptop,7.0,2.7,4.3,0.1,7.1,1,6,87,1,Healthy
721,31,Female,Germany,Phone,4.0,2.8,4.1,1.1,6.7,8,10,60,4,Healthy
722,23,Male,India,Laptop,3.1,0.6,4.9,1.8,8.7,9,10,99,6,Moderate Issues
723,53,Male,Australia,Phone,8.9,1.8,5.8,0.3,7.7,2,9,88,4,Healthy
724,27,Female,USA,Desktop,6.5,5.1,9.5,2.0,7.5,9,4,99,7,Moderate Issues
725,39,Female,Canada,Phone,7.5,2.4,1.1,0.0,7.3,5,5,30,7,Healthy
726,43,Male,UK,Laptop,2.5,1.8,5.4,2.4,7.4,8,10,30,6,Healthy
727,23,Male,Germany,Laptop,8.1,3.1,4.2,0.1,8.5,7,6,65,9,Healthy
728,43,Male,India,Laptop,5.0,2.2,0.3,1.0,6.0,7,9,18,2,Chronic Issues
729,51,Female,USA,Phone,4.4,3.0,6.5,0.3,7.7,4,5,52,10,Healthy
730,41,Male,UK,Laptop,5.9,1.2,4.8,1.8,6.9,2,8,75,8,Healthy
731,23,Female,India,Laptop,4.0,2.4,5.6,0.7,6.0,5,1,73,8,Chronic Issues
732,43,Female,India,Laptop,6.0,1.5,0.6,0.1,6.4,3,5,94,10,Healthy
733,43,Female,UK,Phone,5.7,0.0,3.6,0.8,6.8,9,10,108,4,Moderate Issues
734,52,Male,USA,Laptop,8.1,3.2,1.8,0.5,5.5,6,1,21,6,Healthy
735,56,Female,Australia,Laptop,9.0,0.6,8.3,1.1,7.5,1,10,22,6,Moderate Issues
736,51,Female,USA,Laptop,9.0,2.3,6.3,2.1,6.4,3,6,115,5,Healthy
737,42,Female,Canada,Laptop,1.5,3.9,2.6,0.5,6.6,4,7,86,1,Chronic Issues
738,32,Male,Germany,Laptop,4.1,0.3,0.9,0.3,8.1,9,5,14,3,Healthy
739,24,Other,UK,Phone,1.5,3.4,4.4,0.0,6.7,6,1,25,7,Healthy
740,48,Male,Australia,Phone,3.6,2.1,6.2,0.9,8.4,4,6,2,8,Healthy
741,35,Male,UK,Phone,4.7,1.1,0.5,0.5,5.9,1,10,86,2,Healthy
742,28,Male,UK,Phone,6.8,5.5,2.1,0.5,5.2,8,5,19,3,Moderate Issues
743,43,Female,USA,Laptop,5.0,2.5,1.8,0.2,6.2,2,6,108,4,Healthy
744,63,Male,Germany,Laptop,5.0,1.6,5.7,0.6,3.1,8,10,39,5,Healthy
745,44,Male,Canada,Phone,6.4,1.3,3.3,4.2,7.6,6,7,38,3,Healthy
746,28,Male,India,Desktop,2.6,3.8,3.3,0.4,5.3,8,7,119,5,Healthy
747,61,Male,India,Phone,4.3,1.6,4.3,0.9,5.8,6,2,71,8,Healthy
748,50,Female,UK,Tablet,5.0,3.6,2.2,1.5,7.4,5,3,17,8,Healthy
749,21,Female,Germany,Laptop,5.6,2.5,1.1,1.4,6.6,5,6,40,2,Moderate Issues
750,33,Male,Australia,Phone,6.2,4.2,6.7,0.4,6.0,10,3,69,6,Chronic Issues
751,20,Male,USA,Phone,9.0,0.9,6.9,0.9,4.1,10,2,26,4,Healthy
752,62,Female,Germany,Laptop,7.8,1.1,4.4,2.0,8.1,8,4,99,9,Moderate Issues
753,40,Male,Germany,Phone,4.5,2.1,4.5,0.0,7.4,7,5,14,10,Healthy
754,17,Male,USA,Desktop,5.5,2.2,6.5,0.6,9.0,8,10,36,2,Healthy
755,25,Other,UK,Laptop,5.3,2.0,4.3,0.3,5.8,8,9,57,8,Healthy
756,45,Female,Germany,Desktop,5.0,6.4,3.2,0.5,4.8,7,3,4,1,Healthy
757,60,Male,India,Phone,6.5,5.6,4.1,0.5,7.7,2,3,102,6,Healthy
758,20,Female,USA,Laptop,2.3,2.9,6.8,1.4,6.3,9,6,72,10,Moderate Issues
759,48,Male,Australia,Laptop,7.8,3.1,4.1,0.1,7.3,7,5,6,1,Chronic Issues
760,16,Female,Canada,Laptop,9.4,2.1,2.7,0.7,8.4,6,6,40,2,Healthy
761,33,Male,UK,Phone,5.5,0.9,4.3,0.8,7.0,9,7,83,3,Healthy
762,47,Male,USA,Laptop,5.4,2.2,5.3,0.7,6.7,1,3,9,9,Chronic Issues
763,62,Male,Canada,Laptop,6.3,3.7,5.1,1.3,6.8,2,5,61,5,Healthy
764,64,Female,Canada,Laptop,8.0,4.5,5.1,0.5,4.5,1,8,25,10,Moderate Issues
765,26,Female,Australia,Phone,5.4,4.0,2.3,2.9,7.8,10,4,67,10,Healthy
766,36,Male,Germany,Tablet,7.9,0.2,5.5,0.7,7.9,3,10,101,2,Healthy
767,41,Male,Australia,Phone,7.0,2.1,4.1,0.8,7.1,5,2,23,10,Healthy
768,40,Female,Germany,Tablet,10.7,0.3,2.6,1.7,4.7,1,4,77,5,Moderate Issues
769,37,Male,Germany,Tablet,5.3,4.3,5.5,0.3,6.4,4,2,40,5,Moderate Issues
770,42,Male,USA,Tablet,2.0,1.9,3.1,0.1,8.2,8,3,64,1,Healthy
771,64,Other,USA,Laptop,3.1,2.4,0.9,1.2,5.8,6,4,16,3,Moderate Issues
772,28,Male,UK,Laptop,6.0,3.2,2.0,0.7,7.9,1,4,108,5,Healthy
773,48,Female,Germany,Desktop,8.1,6.6,3.6,2.3,6.6,1,10,23,9,Healthy
774,49,Other,Canada,Phone,4.7,2.9,5.2,4.1,7.4,3,9,26,10,Moderate Issues
775,56,Male,India,Laptop,5.5,2.1,2.3,0.5,6.0,10,10,6,1,Healthy
776,50,Male,UK,Laptop,7.4,0.6,3.5,0.5,6.6,8,6,72,8,Healthy
777,16,Male,USA,Laptop,4.1,4.7,1.6,0.5,7.0,8,9,106,1,Healthy
778,36,Female,Australia,Phone,4.8,2.2,6.0,0.4,5.2,3,4,98,9,Chronic Issues
779,63,Female,UK,Laptop,3.7,5.0,7.4,1.5,6.8,7,9,11,6,Moderate Issues
780,21,Female,UK,Tablet,8.4,4.2,7.2,1.4,3.3,3,9,84,1,Moderate Issues
781,43,Male,UK,Phone,9.1,1.8,5.9,0.7,5.8,4,6,2,8,Healthy
782,32,Female,UK,Desktop,2.8,0.4,5.7,0.0,7.2,9,5,78,5,Moderate Issues
783,20,Female,India,Phone,5.7,2.9,0.0,0.4,7.8,4,3,84,7,Healthy
784,46,Female,Australia,Phone,8.8,1.6,4.4,0.3,7.1,3,5,9,7,Chronic Issues
785,20,Female,Australia,Phone,6.8,2.6,3.0,1.7,4.8,5,3,32,7,Healthy
786,53,Female,Australia,Phone,5.0,4.1,5.8,0.1,7.7,7,5,45,6,Healthy
787,18,Female,Germany,Desktop,2.9,0.0,0.0,1.6,5.1,5,5,58,8,Healthy
788,38,Female,Canada,Phone,8.3,2.9,4.4,1.1,7.2,4,2,51,9,Moderate Issues
789,52,Male,Australia,Laptop,6.7,3.6,3.6,1.3,5.2,8,9,5,2,Moderate Issues
790,52,Male,UK,Phone,3.1,3.7,6.2,0.6,5.6,4,7,1,7,Healthy
791,25,Female,UK,Laptop,8.4,0.5,7.1,1.1,5.4,2,6,28,2,Healthy
792,25,Male,Australia,Laptop,2.8,3.1,2.1,0.9,6.7,10,5,118,6,Moderate Issues
793,34,Female,Australia,Phone,5.6,4.3,2.2,1.5,6.3,6,4,39,2,Healthy
794,32,Other,UK,Phone,5.5,3.0,4.5,0.6,7.1,2,8,96,10,Moderate Issues
795,36,Female,Germany,Tablet,9.2,2.3,7.5,0.6,6.5,3,2,60,6,Chronic Issues
796,29,Male,USA,Phone,5.5,4.2,4.1,1.0,4.7,1,8,67,2,Healthy
797,24,Male,USA,Laptop,5.5,1.5,1.4,0.1,6.8,5,1,67,1,Healthy
798,61,Male,Australia,Phone,3.3,0.2,2.8,0.6,4.4,9,10,28,7,Healthy
799,16,Female,India,Tablet,4.7,2.2,4.4,3.6,5.4,2,1,100,3,Healthy
800,60,Female,Australia,Phone,4.4,3.3,4.5,0.0,6.1,7,3,61,4,Healthy
801,28,Female,Australia,Laptop,4.5,4.1,2.6,0.4,6.0,5,5,59,6,Moderate Issues
802,19,Male,USA,Phone,6.0,3.3,2.7,0.4,4.5,2,6,83,5,Healthy
803,16,Female,UK,Desktop,1.1,3.8,2.0,1.0,8.1,8,4,40,4,Healthy
804,64,Female,Australia,Phone,3.0,4.1,6.3,0.1,8.5,6,7,86,9,Moderate Issues
805,55,Male,UK,Tablet,5.8,2.0,2.3,1.0,9.2,4,7,108,6,Moderate Issues
806,47,Female,UK,Laptop,6.2,2.3,3.1,0.1,7.9,4,2,81,6,Chronic Issues
807,49,Male,India,Phone,5.5,4.4,3.0,0.1,6.0,2,2,112,2,Healthy
808,43,Male,UK,Tablet,5.9,0.7,0.8,1.3,6.0,3,2,88,6,Moderate Issues
809,46,Female,USA,Phone,5.2,3.1,2.3,0.4,5.9,7,2,64,7,Chronic Issues
810,23,Male,Germany,Tablet,6.0,1.4,6.5,3.8,8.9,3,9,117,8,Healthy
811,54,Female,Germany,Desktop,6.9,4.2,1.6,0.0,6.4,5,5,63,8,Healthy
812,41,Female,Canada,Tablet,6.9,2.5,2.1,0.6,8.0,10,8,78,9,Healthy
813,49,Female,Australia,Phone,4.6,2.5,1.3,0.1,7.9,6,5,62,10,Moderate Issues
814,18,Male,USA,Tablet,7.8,5.1,3.8,0.4,6.7,6,5,97,3,Healthy
815,27,Female,UK,Laptop,6.3,0.9,7.8,6.0,4.8,4,1,47,10,Chronic Issues
816,16,Female,Germany,Tablet,8.5,2.8,3.7,2.2,6.4,6,6,19,7,Moderate Issues
817,59,Female,USA,Laptop,8.9,2.2,4.1,0.0,6.7,3,4,117,7,Healthy
818,20,Male,Germany,Tablet,3.1,3.3,2.4,0.8,8.0,7,3,36,1,Healthy
819,45,Male,UK,Laptop,4.3,5.4,3.9,1.0,6.5,7,6,63,8,Healthy
820,45,Female,Germany,Laptop,7.6,1.6,6.5,0.2,5.0,4,2,90,4,Healthy
821,32,Male,Australia,Phone,2.7,0.7,4.3,0.2,7.7,2,8,85,5,Moderate Issues
822,63,Female,Australia,Tablet,8.8,1.3,8.3,2.3,6.2,7,1,114,6,Moderate Issues
823,62,Female,Canada,Laptop,5.3,2.2,6.5,3.5,3.4,3,9,4,3,Healthy
824,38,Female,Canada,Laptop,7.2,2.6,3.8,4.8,6.9,1,8,33,5,Moderate Issues
825,30,Female,Germany,Tablet,5.8,2.7,3.8,1.6,7.1,2,1,38,10,Healthy
826,52,Female,USA,Laptop,3.2,5.2,7.3,1.1,5.5,10,10,66,5,Healthy
827,36,Female,Australia,Phone,8.1,4.9,4.3,0.4,6.3,9,9,80,1,Healthy
828,29,Female,USA,Laptop,11.5,4.5,6.8,0.2,7.3,8,2,61,3,Healthy
829,17,Female,USA,Laptop,5.0,6.3,8.0,0.1,6.9,6,3,87,3,Chronic Issues
830,26,Male,Germany,Laptop,5.4,3.7,3.6,1.2,4.6,6,2,23,1,Moderate Issues
831,54,Male,USA,Phone,1.0,4.2,4.7,1.5,8.0,1,8,2,7,Healthy
832,53,Female,Australia,Phone,8.7,3.7,6.0,1.8,8.5,2,2,108,1,Healthy
833,49,Male,UK,Phone,7.8,3.5,5.5,2.5,5.9,4,10,70,7,Healthy
834,53,Male,Canada,Laptop,2.5,3.1,5.5,2.1,4.2,3,2,88,4,Healthy
835,49,Male,UK,Phone,1.9,1.9,1.3,6.0,7.4,1,1,119,9,Moderate Issues
836,33,Female,USA,Laptop,2.1,0.6,2.3,0.3,5.7,8,7,66,7,Chronic Issues
837,45,Female,UK,Desktop,7.3,2.3,3.0,1.4,7.1,7,2,78,5,Moderate Issues
838,30,Female,Australia,Phone,7.5,3.3,6.4,0.9,9.1,4,10,92,7,Healthy
839,42,Female,Australia,Laptop,4.2,2.6,1.5,0.3,4.6,9,5,49,9,Healthy
840,49,Female,USA,Tablet,7.0,0.9,7.0,4.0,5.5,4,5,28,10,Healthy
841,53,Male,Germany,Desktop,6.3,2.3,5.6,2.3,6.3,1,3,73,6,Healthy
842,48,Female,UK,Laptop,5.3,2.2,6.3,0.1,8.1,10,3,31,1,Healthy
843,39,Male,Germany,Laptop,7.9,2.4,2.1,0.0,10.0,1,3,86,6,Healthy
844,30,Female,Germany,Tablet,3.6,3.2,4.1,1.2,6.8,1,6,38,1,Healthy
845,45,Female,India,Laptop,8.3,3.6,4.6,0.9,4.5,1,4,8,4,Moderate Issues
846,57,Male,USA,Tablet,4.5,1.7,4.5,2.7,6.1,4,3,100,8,Moderate Issues
847,32,Male,Canada,Phone,9.6,4.0,4.6,0.3,5.6,1,2,115,5,Healthy
848,20,Male,Australia,Desktop,4.0,4.2,3.4,0.1,7.4,2,3,103,5,Moderate Issues
849,44,Male,Australia,Laptop,5.3,3.0,4.3,0.3,7.0,4,4,13,10,Healthy
850,19,Male,USA,Laptop,6.1,3.5,6.1,0.0,5.2,7,6,67,8,Healthy
851,25,Female,Canada,Phone,6.1,4.0,1.7,0.0,5.5,2,4,63,8,Moderate Issues
852,32,Female,Australia,Laptop,7.0,0.9,7.1,2.5,6.1,8,8,19,1,Healthy
853,25,Female,USA,Phone,3.4,4.1,6.0,0.4,6.2,7,3,27,5,Chronic Issues
854,32,Female,Australia,Tablet,5.9,1.3,2.1,0.5,6.4,9,3,13,5,Healthy
855,35,Female,Germany,Tablet,6.3,1.5,4.8,0.0,6.6,6,3,43,8,Healthy
856,39,Female,UK,Phone,4.9,2.8,5.8,0.3,8.0,4,8,97,1,Healthy
857,20,Male,UK,Tablet,6.8,0.0,1.5,1.6,6.0,6,4,76,7,Moderate Issues
858,49,Female,Australia,Tablet,3.3,2.8,4.1,1.0,5.8,4,1,94,7,Moderate Issues
859,21,Male,India,Laptop,5.3,4.0,3.8,1.4,4.9,7,2,96,9,Moderate Issues
860,17,Other,Canada,Phone,4.5,0.0,2.7,0.6,6.2,9,10,115,2,Moderate Issues
861,28,Female,Canada,Phone,5.4,4.1,4.2,0.4,6.8,3,2,38,3,Healthy
862,58,Female,Canada,Phone,8.9,1.5,2.8,0.7,4.4,3,3,27,4,Healthy
863,58,Male,Germany,Phone,8.9,2.8,6.7,0.4,6.1,2,6,63,1,Moderate Issues
864,63,Female,Canada,Desktop,8.5,1.7,2.7,1.8,7.9,1,8,88,7,Healthy
865,26,Female,UK,Phone,5.1,3.4,5.6,0.4,7.3,1,1,31,10,Chronic Issues
866,62,Male,Germany,Tablet,7.8,4.0,0.7,1.1,6.9,3,9,8,3,Healthy
867,38,Male,USA,Phone,6.2,3.5,3.7,0.1,7.2,7,1,27,3,Healthy
868,31,Female,Canada,Laptop,6.1,2.5,4.0,1.2,5.8,9,10,94,3,Healthy
869,46,Male,Canada,Tablet,5.8,1.8,3.6,2.4,5.7,2,2,16,8,Moderate Issues
870,26,Female,USA,Tablet,9.5,2.4,3.2,0.9,8.0,7,3,116,9,Chronic Issues
871,31,Male,Canada,Phone,8.7,3.5,2.7,0.8,7.5,1,7,86,10,Healthy
872,23,Male,USA,Laptop,7.5,3.5,5.5,3.2,5.6,2,9,76,2,Healthy
873,19,Female,Germany,Laptop,5.7,3.3,6.0,1.0,4.2,6,3,54,10,Healthy
874,55,Male,UK,Phone,6.1,0.6,3.8,0.3,5.6,5,8,9,10,Healthy
875,19,Female,USA,Phone,7.1,2.5,1.8,0.3,7.2,8,9,79,1,Chronic Issues
876,40,Male,India,Laptop,5.0,1.5,7.6,1.2,5.7,2,10,5,9,Healthy
877,18,Male,USA,Laptop,7.9,3.5,2.2,1.3,6.9,1,7,47,6,Healthy
878,47,Female,Canada,Laptop,4.2,1.4,1.1,0.4,8.2,7,4,74,9,Healthy
879,18,Female,Germany,Phone,6.8,3.2,0.0,0.4,6.4,6,4,115,6,Healthy
880,42,Female,Australia,Laptop,1.4,2.1,4.2,4.7,6.8,8,4,66,2,Moderate Issues
881,44,Female,Germany,Laptop,4.9,0.0,3.6,0.1,7.3,8,6,91,1,Healthy
882,47,Female,Australia,Laptop,10.2,3.9,6.1,0.5,5.2,2,4,40,8,Healthy
883,34,Male,USA,Tablet,8.1,2.5,5.2,0.1,5.6,8,5,78,3,Chronic Issues
884,36,Male,UK,Laptop,9.1,4.4,4.6,1.7,7.4,6,9,59,1,Healthy
885,20,Female,India,Tablet,4.7,0.0,3.5,0.1,6.5,9,7,76,8,Moderate Issues
886,33,Female,Germany,Phone,6.2,2.1,6.2,1.1,6.6,7,8,41,1,Healthy
887,43,Female,Canada,Laptop,8.6,2.2,7.7,0.1,6.5,2,5,115,8,Healthy
888,57,Male,Australia,Phone,7.3,2.9,6.0,1.1,7.7,8,5,119,1,Healthy
889,37,Male,Canada,Laptop,7.0,0.5,3.1,1.9,7.0,9,7,108,9,Healthy
890,36,Female,UK,Laptop,9.3,3.3,5.6,0.5,7.0,7,8,80,9,Healthy
891,21,Female,Australia,Tablet,3.9,5.4,3.2,0.7,8.0,4,9,70,9,Healthy
892,16,Female,Germany,Phone,5.6,3.2,1.8,0.5,8.4,9,2,27,3,Healthy
893,20,Female,USA,Laptop,2.5,2.6,2.2,0.4,9.2,4,3,101,4,Healthy
894,56,Female,Canada,Laptop,3.8,0.4,3.3,1.6,5.8,4,2,12,5,Moderate Issues
895,27,Male,UK,Phone,8.1,1.3,4.2,0.3,9.5,9,10,80,6,Chronic Issues
896,41,Male,Germany,Phone,4.2,2.4,8.1,1.3,5.2,8,7,14,9,Healthy
897,61,Male,Germany,Phone,7.5,1.7,2.2,0.2,8.8,4,2,35,4,Healthy
898,49,Male,Germany,Phone,9.3,4.0,6.6,0.3,5.7,8,2,91,6,Moderate Issues
899,64,Female,Germany,Phone,5.6,3.3,3.4,0.4,6.4,8,2,14,1,Moderate Issues
900,29,Male,Australia,Phone,7.0,6.5,0.0,0.9,6.5,7,4,109,2,Healthy
901,41,Female,Germany,Phone,7.5,1.0,3.0,0.6,5.5,10,1,116,8,Healthy
902,60,Male,Canada,Laptop,3.6,2.5,6.4,1.4,6.6,6,2,74,4,Healthy
903,42,Male,UK,Laptop,4.8,0.4,4.7,0.2,5.5,8,3,55,10,Healthy
904,24,Male,Australia,Desktop,4.0,0.0,4.8,0.0,5.0,7,7,94,7,Chronic Issues
905,41,Male,Germany,Laptop,4.9,3.6,6.7,1.5,6.5,5,10,3,4,Moderate Issues
906,62,Female,India,Tablet,7.4,3.2,1.9,1.7,8.4,4,1,98,9,Moderate Issues
907,37,Male,India,Tablet,4.8,1.2,1.9,0.1,6.2,2,6,97,9,Healthy
908,62,Female,UK,Laptop,5.9,2.6,0.0,0.9,7.6,8,3,51,4,Healthy
909,45,Male,USA,Laptop,3.9,1.6,5.8,0.5,5.5,9,3,90,8,Moderate Issues
910,58,Male,USA,Tablet,8.5,1.8,5.1,1.6,5.0,4,4,9,6,Healthy
911,63,Male,Australia,Phone,4.9,2.0,5.4,2.1,7.0,4,4,93,1,Healthy
912,32,Female,Australia,Phone,9.0,1.2,1.6,1.9,8.6,5,7,44,7,Healthy
913,41,Female,Australia,Laptop,6.1,1.4,0.8,1.5,6.8,2,3,83,1,Healthy
914,51,Male,USA,Laptop,3.2,1.5,1.4,0.3,7.5,7,8,28,3,Healthy
915,16,Male,India,Phone,5.7,3.1,2.2,1.7,8.3,5,8,52,8,Healthy
916,23,Female,USA,Desktop,3.9,0.0,7.1,0.8,6.5,6,7,28,9,Moderate Issues
917,64,Male,Canada,Laptop,7.2,2.2,6.0,0.1,6.3,4,2,22,3,Moderate Issues
918,50,Male,Germany,Laptop,5.5,0.9,3.1,0.6,7.1,8,5,56,1,Healthy
919,30,Female,Australia,Desktop,6.3,0.9,4.6,2.9,7.3,8,6,49,1,Moderate Issues
920,62,Female,India,Laptop,5.3,1.7,2.6,2.2,4.8,5,10,20,7,Healthy
921,37,Male,UK,Desktop,4.9,2.5,4.7,0.1,6.9,6,4,111,5,Healthy
922,29,Female,UK,Laptop,4.1,2.2,1.7,1.4,6.5,3,10,42,1,Moderate Issues
923,41,Female,Germany,Phone,7.7,0.9,5.5,1.6,5.6,1,5,9,6,Healthy
924,43,Male,India,Tablet,5.7,3.6,2.3,0.3,6.4,9,9,104,6,Healthy
925,38,Female,USA,Laptop,5.4,1.1,5.6,0.6,5.1,9,7,75,4,Moderate Issues
926,29,Female,USA,Tablet,5.6,1.4,3.1,1.2,4.7,3,2,29,7,Chronic Issues
927,39,Male,Canada,Desktop,4.6,2.9,2.4,0.6,6.6,4,1,50,7,Healthy
928,17,Male,Canada,Tablet,5.4,3.0,7.2,0.1,7.6,7,2,32,9,Healthy
929,60,Male,USA,Laptop,6.4,1.6,4.4,1.2,6.1,2,3,17,1,Healthy
930,41,Female,UK,Tablet,3.9,0.0,3.4,2.4,5.3,3,2,77,5,Healthy
931,29,Male,Australia,Laptop,4.2,1.2,5.5,1.1,5.5,6,3,21,10,Healthy
932,22,Female,UK,Laptop,8.8,2.7,1.3,1.5,7.2,8,10,63,3,Healthy
933,18,Female,Canada,Tablet,5.3,3.5,6.2,0.4,8.5,1,9,20,7,Moderate Issues
934,62,Male,Germany,Phone,4.9,2.4,3.7,0.2,7.4,4,4,0,4,Healthy
935,38,Female,USA,Laptop,3.3,1.8,5.2,1.0,8.1,1,9,112,4,Healthy
936,61,Male,Canada,Tablet,7.7,5.9,0.9,0.4,5.2,2,3,106,1,Healthy
937,58,Female,Canada,Laptop,3.9,1.9,3.2,2.0,6.4,8,1,115,1,Healthy
938,62,Female,Australia,Laptop,6.0,3.4,4.0,0.1,7.7,6,5,14,10,Chronic Issues
939,60,Male,USA,Tablet,2.6,0.5,6.1,0.6,4.8,9,10,35,2,Healthy
940,33,Male,Australia,Laptop,7.6,0.9,5.4,0.5,5.7,2,10,46,2,Moderate Issues
941,53,Male,USA,Tablet,8.4,3.5,3.2,2.8,7.6,3,2,53,1,Moderate Issues
942,50,Male,Australia,Phone,7.0,4.1,4.6,0.2,6.8,9,4,85,8,Moderate Issues
943,30,Male,UK,Phone,2.9,1.9,6.5,0.0,5.3,9,2,31,6,Healthy
944,40,Male,Germany,Phone,7.7,0.0,3.6,0.3,4.5,6,2,57,6,Chronic Issues
945,52,Other,Germany,Laptop,4.3,2.2,3.4,1.7,8.1,3,3,45,10,Healthy
946,43,Male,USA,Laptop,3.7,2.8,0.2,0.2,4.0,5,5,53,10,Healthy
947,25,Male,India,Tablet,5.2,2.6,3.4,0.3,7.3,2,4,32,9,Healthy
948,54,Female,Canada,Laptop,5.2,1.7,0.5,0.1,5.9,7,2,104,5,Healthy
949,32,Male,Canada,Laptop,5.0,2.3,3.8,1.3,7.8,10,10,38,4,Healthy
950,54,Other,USA,Phone,8.5,1.4,6.0,0.1,5.2,8,2,22,6,Healthy
951,37,Female,Australia,Laptop,10.0,0.8,0.0,0.4,9.6,6,6,42,8,Healthy
952,41,Female,India,Laptop,3.3,3.6,6.5,0.3,7.0,8,7,54,1,Moderate Issues
953,59,Male,UK,Phone,4.6,2.6,3.3,0.8,7.2,2,10,1,7,Healthy
954,40,Male,Australia,Phone,6.3,2.3,3.9,1.3,5.6,3,6,65,8,Healthy
955,32,Male,Australia,Phone,5.2,1.7,3.0,0.8,6.3,7,7,37,9,Chronic Issues
956,28,Female,USA,Phone,6.8,2.2,0.6,2.7,6.4,10,1,118,8,Healthy
957,35,Male,USA,Laptop,7.8,2.7,2.4,3.0,8.7,1,6,114,7,Moderate Issues
958,40,Male,Canada,Phone,7.5,5.1,8.2,0.4,7.0,7,3,28,3,Chronic Issues
959,19,Other,USA,Laptop,7.2,3.5,1.8,1.5,7.2,6,1,115,2,Healthy
960,25,Male,USA,Tablet,9.3,1.5,0.8,1.3,7.1,8,8,109,3,Healthy
961,18,Male,USA,Laptop,2.8,1.5,4.3,2.2,7.3,7,4,66,4,Moderate Issues
962,56,Male,Canada,Desktop,9.0,1.3,3.8,0.6,4.8,4,10,102,4,Chronic Issues
963,60,Other,UK,Laptop,5.2,2.2,3.4,0.8,9.0,3,8,70,6,Moderate Issues
964,33,Male,UK,Laptop,7.6,1.3,4.0,0.5,5.4,3,10,35,7,Healthy
965,62,Female,USA,Desktop,3.9,3.2,5.3,1.9,6.5,4,4,28,4,Chronic Issues
966,51,Female,Canada,Phone,4.2,0.0,2.8,0.3,8.3,9,4,118,10,Healthy
967,62,Male,UK,Desktop,7.3,3.3,4.4,0.3,8.8,9,10,36,6,Healthy
968,37,Female,Australia,Phone,2.1,2.9,6.0,0.5,7.5,2,4,112,9,Healthy
969,49,Male,UK,Laptop,8.0,4.4,2.0,0.3,5.9,5,6,99,6,Healthy
970,62,Male,UK,Phone,8.5,3.8,0.0,0.8,6.7,1,9,86,3,Moderate Issues
971,23,Female,Canada,Laptop,6.4,1.5,5.3,0.1,6.7,4,5,44,1,Moderate Issues
972,55,Female,Australia,Laptop,6.3,3.6,9.0,0.4,6.7,2,10,15,10,Moderate Issues
973,64,Female,Canada,Laptop,4.3,2.2,4.0,2.4,5.0,8,8,111,10,Healthy
974,59,Female,USA,Phone,7.3,0.0,4.4,0.5,8.0,4,8,30,5,Healthy
975,34,Male,Germany,Phone,6.7,2.7,3.4,1.4,6.7,5,4,33,10,Moderate Issues
976,57,Male,UK,Phone,4.2,1.6,7.2,0.1,5.6,4,10,49,10,Healthy
977,56,Male,Germany,Phone,5.2,2.5,3.8,0.3,5.9,5,9,64,3,Chronic Issues
978,52,Male,Canada,Desktop,5.7,5.0,3.6,1.6,6.8,5,9,81,8,Moderate Issues
979,21,Male,Canada,Phone,5.2,2.8,5.8,1.4,4.8,5,5,61,10,Moderate Issues
980,41,Male,Canada,Tablet,3.3,1.0,3.0,0.5,7.6,3,6,103,1,Healthy
981,49,Male,Germany,Tablet,7.4,3.9,1.4,3.1,6.8,7,5,42,2,Moderate Issues
982,60,Male,Canada,Phone,5.5,3.0,5.8,2.4,8.4,3,3,55,3,Chronic Issues
983,21,Female,USA,Laptop,6.0,0.8,2.8,3.3,6.6,2,8,119,3,Healthy
984,52,Female,Canada,Phone,4.8,0.1,2.0,0.6,5.2,3,9,14,8,Moderate Issues
985,48,Male,India,Phone,7.0,1.0,8.2,0.2,5.1,3,4,47,5,Healthy
986,37,Female,Germany,Phone,6.4,3.8,3.6,1.0,6.0,8,9,48,8,Healthy
987,36,Female,India,Laptop,8.4,2.0,5.0,1.2,6.2,4,9,80,6,Moderate Issues
988,21,Male,Canada,Laptop,7.0,2.6,4.1,0.1,5.8,3,7,43,2,Moderate Issues
989,21,Female,USA,Laptop,5.6,0.5,2.2,1.5,6.7,10,8,9,4,Moderate Issues
990,63,Female,UK,Laptop,4.5,3.8,5.4,0.0,5.8,5,3,19,9,Healthy
991,19,Female,Australia,Phone,7.7,0.0,4.6,0.7,6.8,4,5,69,4,Healthy
992,45,Male,Australia,Laptop,5.4,1.5,2.7,0.4,5.9,9,3,7,5,Moderate Issues
993,26,Female,Canada,Tablet,5.7,3.1,4.9,1.3,7.3,8,7,44,5,Healthy
994,45,Male,USA,Phone,5.7,0.8,3.0,0.4,6.1,7,6,33,10,Healthy
995,46,Female,Germany,Phone,5.2,3.4,1.8,1.8,8.0,8,3,95,8,Healthy
996,39,Female,India,Laptop,5.7,1.2,1.6,0.9,7.3,5,9,50,6,Healthy
997,24,Female,India,Phone,9.9,0.7,4.5,1.6,6.7,4,1,117,10,Moderate Issues
998,18,Female,India,Laptop,3.9,4.4,3.2,4.5,6.3,7,10,105,7,Moderate Issues
999,46,Female,Germany,Phone,4.4,2.7,7.0,1.1,4.7,1,3,3,6,Healthy
1000,55,Male,Australia,Phone,8.8,3.3,3.9,4.2,8.2,6,10,107,5,Healthy
